scenario_name,period,metric_name,predicted_value,baseline_value,measurement_gap_pct
current_state,all_months,n_orders,34199.3597,28633.2967,-19.44
current_state,all_months,gross_revenue_eur,17366597.2825,14599032.3573,-18.96
current_state,all_months,net_revenue_eur,15755252.476,13183998.2826,-19.5
current_state,all_months,unique_customers,27482.997,23228.2792,-18.32
current_state,all_months,total_sessions,28895.0,28895.0,-0.0
current_state,all_months,sessions_with_pageview,24445.3278,28895.0,15.4
current_state,all_months,sessions_with_cart,16030.0116,18886.959,15.13
current_state,all_months,sessions_with_checkout,10052.6485,8638.3197,-16.37
current_state,all_months,sessions_with_purchase,2938.8443,2560.0493,-14.8
current_state,all_months,session_conversion_rate,0.1037,0.0968,-7.13
current_state,all_months,cart_to_purchase_rate,0.187,0.1473,-26.94
current_state,all_months,avg_order_value_eur,509.4569,506.1047,-0.66
current_state,2025-01-01 00:00:00,gross_revenue_eur,10631.9384,,
current_state,2025-01-01 00:00:00,session_conversion_rate,0.1494,,
current_state,2025-01-01 00:00:00,n_orders,25.3237,,
current_state,2025-02-01 00:00:00,gross_revenue_eur,32342.9453,,
current_state,2025-02-01 00:00:00,session_conversion_rate,0.0908,,
current_state,2025-02-01 00:00:00,n_orders,60.9987,,
current_state,2025-03-01 00:00:00,gross_revenue_eur,108389.2083,,
current_state,2025-03-01 00:00:00,session_conversion_rate,0.0858,,
current_state,2025-03-01 00:00:00,n_orders,201.708,,
current_state,2025-04-01 00:00:00,gross_revenue_eur,152812.1505,,
current_state,2025-04-01 00:00:00,session_conversion_rate,0.0757,,
current_state,2025-04-01 00:00:00,n_orders,282.5443,,
current_state,2025-05-01 00:00:00,gross_revenue_eur,197324.3822,,
current_state,2025-05-01 00:00:00,session_conversion_rate,0.1268,,
current_state,2025-05-01 00:00:00,n_orders,392.3067,,
current_state,2025-06-01 00:00:00,gross_revenue_eur,266797.2914,,
current_state,2025-06-01 00:00:00,session_conversion_rate,0.0925,,
current_state,2025-06-01 00:00:00,n_orders,507.5049,,
current_state,2025-07-01 00:00:00,gross_revenue_eur,311473.6137,,
current_state,2025-07-01 00:00:00,session_conversion_rate,0.111,,
current_state,2025-07-01 00:00:00,n_orders,615.5846,,
current_state,2025-08-01 00:00:00,gross_revenue_eur,376324.0843,,
current_state,2025-08-01 00:00:00,session_conversion_rate,0.1061,,
current_state,2025-08-01 00:00:00,n_orders,718.8346,,
current_state,2025-09-01 00:00:00,gross_revenue_eur,437543.8791,,
current_state,2025-09-01 00:00:00,session_conversion_rate,0.1292,,
current_state,2025-09-01 00:00:00,n_orders,861.4367,,
current_state,2025-10-01 00:00:00,gross_revenue_eur,546662.9613,,
current_state,2025-10-01 00:00:00,session_conversion_rate,0.1105,,
current_state,2025-10-01 00:00:00,n_orders,1060.4657,,
current_state,2025-11-01 00:00:00,gross_revenue_eur,555935.3295,,
current_state,2025-11-01 00:00:00,session_conversion_rate,0.1087,,
current_state,2025-11-01 00:00:00,n_orders,1149.1533,,
current_state,2025-12-01 00:00:00,gross_revenue_eur,704856.1528,,
current_state,2025-12-01 00:00:00,session_conversion_rate,0.1001,,
current_state,2025-12-01 00:00:00,n_orders,1360.0763,,
current_state,2026-01-01 00:00:00,gross_revenue_eur,544516.1631,,
current_state,2026-01-01 00:00:00,session_conversion_rate,0.0879,,
current_state,2026-01-01 00:00:00,n_orders,1038.0149,,
current_state,2026-02-01 00:00:00,gross_revenue_eur,580323.7594,,
current_state,2026-02-01 00:00:00,session_conversion_rate,0.1032,,
current_state,2026-02-01 00:00:00,n_orders,1135.0816,,
current_state,2026-03-01 00:00:00,gross_revenue_eur,1093130.4871,,
current_state,2026-03-01 00:00:00,session_conversion_rate,0.1033,,
current_state,2026-03-01 00:00:00,n_orders,2095.6573,,
current_state,2026-04-01 00:00:00,gross_revenue_eur,1159620.121,,
current_state,2026-04-01 00:00:00,session_conversion_rate,0.1018,,
current_state,2026-04-01 00:00:00,n_orders,2254.2185,,
current_state,2026-05-01 00:00:00,gross_revenue_eur,1367923.5543,,
current_state,2026-05-01 00:00:00,session_conversion_rate,0.0972,,
current_state,2026-05-01 00:00:00,n_orders,2708.1794,,
current_state,2026-06-01 00:00:00,gross_revenue_eur,1452389.4774,,
current_state,2026-06-01 00:00:00,session_conversion_rate,0.0852,,
current_state,2026-06-01 00:00:00,n_orders,2962.2095,,
current_state,2026-07-01 00:00:00,gross_revenue_eur,1892341.7987,,
current_state,2026-07-01 00:00:00,session_conversion_rate,0.1022,,
current_state,2026-07-01 00:00:00,n_orders,3689.6018,,
current_state,2026-08-01 00:00:00,gross_revenue_eur,2281376.023,,
current_state,2026-08-01 00:00:00,session_conversion_rate,0.1098,,
current_state,2026-08-01 00:00:00,n_orders,4528.2279,,
current_state,2026-09-01 00:00:00,gross_revenue_eur,3293881.9615,,
current_state,2026-09-01 00:00:00,session_conversion_rate,0.0999,,
current_state,2026-09-01 00:00:00,n_orders,6552.2313,,
privacy_first_eu,all_months,n_orders,37909.6349,28633.2967,-32.4
privacy_first_eu,all_months,gross_revenue_eur,19235636.5196,14599032.3573,-31.76
privacy_first_eu,all_months,net_revenue_eur,17486568.3781,13183998.2826,-32.63
privacy_first_eu,all_months,unique_customers,30359.0757,23228.2792,-30.7
privacy_first_eu,all_months,total_sessions,28895.0,28895.0,-0.0
privacy_first_eu,all_months,sessions_with_pageview,21478.8797,28895.0,25.67
privacy_first_eu,all_months,sessions_with_cart,14130.6917,18886.959,25.18
privacy_first_eu,all_months,sessions_with_checkout,11097.3798,8638.3197,-28.47
privacy_first_eu,all_months,sessions_with_purchase,3218.8658,2560.0493,-25.73
privacy_first_eu,all_months,session_conversion_rate,0.111,0.0968,-14.71
privacy_first_eu,all_months,cart_to_purchase_rate,0.2288,0.1473,-55.37
privacy_first_eu,all_months,avg_order_value_eur,508.2857,506.1047,-0.43
privacy_first_eu,2025-01-01 00:00:00,gross_revenue_eur,10609.7836,,
privacy_first_eu,2025-01-01 00:00:00,session_conversion_rate,0.171,,
privacy_first_eu,2025-01-01 00:00:00,n_orders,27.4602,,
privacy_first_eu,2025-02-01 00:00:00,gross_revenue_eur,35951.2211,,
privacy_first_eu,2025-02-01 00:00:00,session_conversion_rate,0.063,,
privacy_first_eu,2025-02-01 00:00:00,n_orders,67.4236,,
privacy_first_eu,2025-03-01 00:00:00,gross_revenue_eur,109857.8922,,
privacy_first_eu,2025-03-01 00:00:00,session_conversion_rate,0.0862,,
privacy_first_eu,2025-03-01 00:00:00,n_orders,208.6724,,
privacy_first_eu,2025-04-01 00:00:00,gross_revenue_eur,177560.2393,,
privacy_first_eu,2025-04-01 00:00:00,session_conversion_rate,0.0794,,
privacy_first_eu,2025-04-01 00:00:00,n_orders,314.857,,
privacy_first_eu,2025-05-01 00:00:00,gross_revenue_eur,211472.3099,,
privacy_first_eu,2025-05-01 00:00:00,session_conversion_rate,0.1377,,
privacy_first_eu,2025-05-01 00:00:00,n_orders,432.6114,,
privacy_first_eu,2025-06-01 00:00:00,gross_revenue_eur,305932.4958,,
privacy_first_eu,2025-06-01 00:00:00,session_conversion_rate,0.0921,,
privacy_first_eu,2025-06-01 00:00:00,n_orders,575.6395,,
privacy_first_eu,2025-07-01 00:00:00,gross_revenue_eur,348775.4985,,
privacy_first_eu,2025-07-01 00:00:00,session_conversion_rate,0.1218,,
privacy_first_eu,2025-07-01 00:00:00,n_orders,696.1182,,
privacy_first_eu,2025-08-01 00:00:00,gross_revenue_eur,425997.0565,,
privacy_first_eu,2025-08-01 00:00:00,session_conversion_rate,0.1122,,
privacy_first_eu,2025-08-01 00:00:00,n_orders,802.0688,,
privacy_first_eu,2025-09-01 00:00:00,gross_revenue_eur,494795.4494,,
privacy_first_eu,2025-09-01 00:00:00,session_conversion_rate,0.1433,,
privacy_first_eu,2025-09-01 00:00:00,n_orders,953.3823,,
privacy_first_eu,2025-10-01 00:00:00,gross_revenue_eur,597802.021,,
privacy_first_eu,2025-10-01 00:00:00,session_conversion_rate,0.1329,,
privacy_first_eu,2025-10-01 00:00:00,n_orders,1175.2445,,
privacy_first_eu,2025-11-01 00:00:00,gross_revenue_eur,594010.7692,,
privacy_first_eu,2025-11-01 00:00:00,session_conversion_rate,0.1215,,
privacy_first_eu,2025-11-01 00:00:00,n_orders,1258.5947,,
privacy_first_eu,2025-12-01 00:00:00,gross_revenue_eur,783843.2436,,
privacy_first_eu,2025-12-01 00:00:00,session_conversion_rate,0.1085,,
privacy_first_eu,2025-12-01 00:00:00,n_orders,1480.8776,,
privacy_first_eu,2026-01-01 00:00:00,gross_revenue_eur,607313.6367,,
privacy_first_eu,2026-01-01 00:00:00,session_conversion_rate,0.0852,,
privacy_first_eu,2026-01-01 00:00:00,n_orders,1137.1475,,
privacy_first_eu,2026-02-01 00:00:00,gross_revenue_eur,637616.6085,,
privacy_first_eu,2026-02-01 00:00:00,session_conversion_rate,0.1083,,
privacy_first_eu,2026-02-01 00:00:00,n_orders,1253.6869,,
privacy_first_eu,2026-03-01 00:00:00,gross_revenue_eur,1190927.7109,,
privacy_first_eu,2026-03-01 00:00:00,session_conversion_rate,0.1106,,
privacy_first_eu,2026-03-01 00:00:00,n_orders,2328.6076,,
privacy_first_eu,2026-04-01 00:00:00,gross_revenue_eur,1284116.4222,,
privacy_first_eu,2026-04-01 00:00:00,session_conversion_rate,0.1123,,
privacy_first_eu,2026-04-01 00:00:00,n_orders,2477.6285,,
privacy_first_eu,2026-05-01 00:00:00,gross_revenue_eur,1510013.5842,,
privacy_first_eu,2026-05-01 00:00:00,session_conversion_rate,0.1121,,
privacy_first_eu,2026-05-01 00:00:00,n_orders,2978.8663,,
privacy_first_eu,2026-06-01 00:00:00,gross_revenue_eur,1602864.5639,,
privacy_first_eu,2026-06-01 00:00:00,session_conversion_rate,0.0937,,
privacy_first_eu,2026-06-01 00:00:00,n_orders,3262.0058,,
privacy_first_eu,2026-07-01 00:00:00,gross_revenue_eur,2079962.988,,
privacy_first_eu,2026-07-01 00:00:00,session_conversion_rate,0.108,,
privacy_first_eu,2026-07-01 00:00:00,n_orders,4088.9867,,
privacy_first_eu,2026-08-01 00:00:00,gross_revenue_eur,2494605.0685,,
privacy_first_eu,2026-08-01 00:00:00,session_conversion_rate,0.119,,
privacy_first_eu,2026-08-01 00:00:00,n_orders,5018.8029,,
privacy_first_eu,2026-09-01 00:00:00,gross_revenue_eur,3731607.9565,,
privacy_first_eu,2026-09-01 00:00:00,session_conversion_rate,0.1124,,
privacy_first_eu,2026-09-01 00:00:00,n_orders,7370.9525,,
post_cookie_apocalypse,all_months,n_orders,40692.2862,28633.2967,-42.12
post_cookie_apocalypse,all_months,gross_revenue_eur,20640461.5877,14599032.3573,-41.38
post_cookie_apocalypse,all_months,net_revenue_eur,18787231.5837,13183998.2826,-42.5
post_cookie_apocalypse,all_months,unique_customers,32521.161,23228.2792,-40.01
post_cookie_apocalypse,all_months,total_sessions,28895.0,28895.0,-0.0
post_cookie_apocalypse,all_months,sessions_with_pageview,19254.0437,28895.0,33.37
post_cookie_apocalypse,all_months,sessions_with_cart,12706.876,18886.959,32.72
post_cookie_apocalypse,all_months,sessions_with_checkout,11893.8549,8638.3197,-37.69
post_cookie_apocalypse,all_months,sessions_with_purchase,3432.3712,2560.0493,-34.07
post_cookie_apocalypse,all_months,session_conversion_rate,0.1169,0.0968,-20.81
post_cookie_apocalypse,all_months,cart_to_purchase_rate,0.2704,0.1473,-83.62
post_cookie_apocalypse,all_months,avg_order_value_eur,507.1197,506.1047,-0.2
post_cookie_apocalypse,2025-01-01 00:00:00,gross_revenue_eur,10560.6548,,
post_cookie_apocalypse,2025-01-01 00:00:00,session_conversion_rate,0.1917,,
post_cookie_apocalypse,2025-01-01 00:00:00,n_orders,29.3338,,
post_cookie_apocalypse,2025-02-01 00:00:00,gross_revenue_eur,38917.9165,,
post_cookie_apocalypse,2025-02-01 00:00:00,session_conversion_rate,0.0423,,
post_cookie_apocalypse,2025-02-01 00:00:00,n_orders,73.0752,,
post_cookie_apocalypse,2025-03-01 00:00:00,gross_revenue_eur,110427.2209,,
post_cookie_apocalypse,2025-03-01 00:00:00,session_conversion_rate,0.0871,,
post_cookie_apocalypse,2025-03-01 00:00:00,n_orders,213.2486,,
post_cookie_apocalypse,2025-04-01 00:00:00,gross_revenue_eur,195473.1102,,
post_cookie_apocalypse,2025-04-01 00:00:00,session_conversion_rate,0.0808,,
post_cookie_apocalypse,2025-04-01 00:00:00,n_orders,338.9292,,
post_cookie_apocalypse,2025-05-01 00:00:00,gross_revenue_eur,222643.0062,,
post_cookie_apocalypse,2025-05-01 00:00:00,session_conversion_rate,0.147,,
post_cookie_apocalypse,2025-05-01 00:00:00,n_orders,463.5121,,
post_cookie_apocalypse,2025-06-01 00:00:00,gross_revenue_eur,333741.441,,
post_cookie_apocalypse,2025-06-01 00:00:00,session_conversion_rate,0.0926,,
post_cookie_apocalypse,2025-06-01 00:00:00,n_orders,624.2332,,
post_cookie_apocalypse,2025-07-01 00:00:00,gross_revenue_eur,376165.7529,,
post_cookie_apocalypse,2025-07-01 00:00:00,session_conversion_rate,0.1304,,
post_cookie_apocalypse,2025-07-01 00:00:00,n_orders,755.0115,,
post_cookie_apocalypse,2025-08-01 00:00:00,gross_revenue_eur,463360.0786,,
post_cookie_apocalypse,2025-08-01 00:00:00,session_conversion_rate,0.117,,
post_cookie_apocalypse,2025-08-01 00:00:00,n_orders,863.88,,
post_cookie_apocalypse,2025-09-01 00:00:00,gross_revenue_eur,538175.6237,,
post_cookie_apocalypse,2025-09-01 00:00:00,session_conversion_rate,0.1536,,
post_cookie_apocalypse,2025-09-01 00:00:00,n_orders,1023.9814,,
post_cookie_apocalypse,2025-10-01 00:00:00,gross_revenue_eur,636738.0598,,
post_cookie_apocalypse,2025-10-01 00:00:00,session_conversion_rate,0.1493,,
post_cookie_apocalypse,2025-10-01 00:00:00,n_orders,1260.9906,,
post_cookie_apocalypse,2025-11-01 00:00:00,gross_revenue_eur,625125.7739,,
post_cookie_apocalypse,2025-11-01 00:00:00,session_conversion_rate,0.131,,
post_cookie_apocalypse,2025-11-01 00:00:00,n_orders,1342.5137,,
post_cookie_apocalypse,2025-12-01 00:00:00,gross_revenue_eur,843687.4373,,
post_cookie_apocalypse,2025-12-01 00:00:00,session_conversion_rate,0.1147,,
post_cookie_apocalypse,2025-12-01 00:00:00,n_orders,1576.5551,,
post_cookie_apocalypse,2026-01-01 00:00:00,gross_revenue_eur,655712.8255,,
post_cookie_apocalypse,2026-01-01 00:00:00,session_conversion_rate,0.084,,
post_cookie_apocalypse,2026-01-01 00:00:00,n_orders,1213.2159,,
post_cookie_apocalypse,2026-02-01 00:00:00,gross_revenue_eur,681880.0762,,
post_cookie_apocalypse,2026-02-01 00:00:00,session_conversion_rate,0.1132,,
post_cookie_apocalypse,2026-02-01 00:00:00,n_orders,1343.9753,,
post_cookie_apocalypse,2026-03-01 00:00:00,gross_revenue_eur,1260450.9025,,
post_cookie_apocalypse,2026-03-01 00:00:00,session_conversion_rate,0.1163,,
post_cookie_apocalypse,2026-03-01 00:00:00,n_orders,2496.9989,,
post_cookie_apocalypse,2026-04-01 00:00:00,gross_revenue_eur,1377115.2809,,
post_cookie_apocalypse,2026-04-01 00:00:00,session_conversion_rate,0.1206,,
post_cookie_apocalypse,2026-04-01 00:00:00,n_orders,2644.7739,,
post_cookie_apocalypse,2026-05-01 00:00:00,gross_revenue_eur,1615829.1696,,
post_cookie_apocalypse,2026-05-01 00:00:00,session_conversion_rate,0.1234,,
post_cookie_apocalypse,2026-05-01 00:00:00,n_orders,3183.3455,,
post_cookie_apocalypse,2026-06-01 00:00:00,gross_revenue_eur,1718869.24,,
post_cookie_apocalypse,2026-06-01 00:00:00,session_conversion_rate,0.1003,,
post_cookie_apocalypse,2026-06-01 00:00:00,n_orders,3488.1963,,
post_cookie_apocalypse,2026-07-01 00:00:00,gross_revenue_eur,2226055.4287,,
post_cookie_apocalypse,2026-07-01 00:00:00,session_conversion_rate,0.1123,,
post_cookie_apocalypse,2026-07-01 00:00:00,n_orders,4393.6419,,
post_cookie_apocalypse,2026-08-01 00:00:00,gross_revenue_eur,2652453.8612,,
post_cookie_apocalypse,2026-08-01 00:00:00,session_conversion_rate,0.1257,,
post_cookie_apocalypse,2026-08-01 00:00:00,n_orders,5383.5385,,
post_cookie_apocalypse,2026-09-01 00:00:00,gross_revenue_eur,4057078.7273,,
post_cookie_apocalypse,2026-09-01 00:00:00,session_conversion_rate,0.1217,,
post_cookie_apocalypse,2026-09-01 00:00:00,n_orders,7979.3353,,
best_case_ux,all_months,n_orders,31416.5483,28633.2967,-9.72
best_case_ux,all_months,gross_revenue_eur,15970632.2588,14599032.3573,-9.4
best_case_ux,all_months,net_revenue_eur,14460920.2636,13183998.2826,-9.69
best_case_ux,all_months,unique_customers,25335.5334,23228.2792,-9.07
best_case_ux,all_months,total_sessions,28895.0,28895.0,-0.0
best_case_ux,all_months,sessions_with_pageview,26670.1639,28895.0,7.7
best_case_ux,all_months,sessions_with_cart,17455.7885,18886.959,7.58
best_case_ux,all_months,sessions_with_checkout,9293.7779,8638.3197,-7.59
best_case_ux,all_months,sessions_with_purchase,2735.4896,2560.0493,-6.85
best_case_ux,all_months,session_conversion_rate,0.0988,0.0968,-2.15
best_case_ux,all_months,cart_to_purchase_rate,0.1632,0.1473,-10.81
best_case_ux,all_months,avg_order_value_eur,509.5293,506.1047,-0.68
best_case_ux,2025-01-01 00:00:00,gross_revenue_eur,10586.4848,,
best_case_ux,2025-01-01 00:00:00,session_conversion_rate,0.1405,,
best_case_ux,2025-01-01 00:00:00,n_orders,24.2395,,
best_case_ux,2025-02-01 00:00:00,gross_revenue_eur,30134.0348,,
best_case_ux,2025-02-01 00:00:00,session_conversion_rate,0.1115,,
best_case_ux,2025-02-01 00:00:00,n_orders,57.7701,,
best_case_ux,2025-03-01 00:00:00,gross_revenue_eur,106271.7074,,
best_case_ux,2025-03-01 00:00:00,session_conversion_rate,0.0864,,
best_case_ux,2025-03-01 00:00:00,n_orders,195.2494,,
best_case_ux,2025-04-01 00:00:00,gross_revenue_eur,133013.6193,,
best_case_ux,2025-04-01 00:00:00,session_conversion_rate,0.0702,,
best_case_ux,2025-04-01 00:00:00,n_orders,257.9997,,
best_case_ux,2025-05-01 00:00:00,gross_revenue_eur,187782.0513,,
best_case_ux,2025-05-01 00:00:00,session_conversion_rate,0.1207,,
best_case_ux,2025-05-01 00:00:00,n_orders,363.3611,,
best_case_ux,2025-06-01 00:00:00,gross_revenue_eur,234501.1953,,
best_case_ux,2025-06-01 00:00:00,session_conversion_rate,0.0947,,
best_case_ux,2025-06-01 00:00:00,n_orders,451.6172,,
best_case_ux,2025-07-01 00:00:00,gross_revenue_eur,282378.1689,,
best_case_ux,2025-07-01 00:00:00,session_conversion_rate,0.1038,,
best_case_ux,2025-07-01 00:00:00,n_orders,552.3076,,
best_case_ux,2025-08-01 00:00:00,gross_revenue_eur,339276.0963,,
best_case_ux,2025-08-01 00:00:00,session_conversion_rate,0.102,,
best_case_ux,2025-08-01 00:00:00,n_orders,655.2359,,
best_case_ux,2025-09-01 00:00:00,gross_revenue_eur,395448.0587,,
best_case_ux,2025-09-01 00:00:00,session_conversion_rate,0.1183,,
best_case_ux,2025-09-01 00:00:00,n_orders,795.6084,,
best_case_ux,2025-10-01 00:00:00,gross_revenue_eur,509419.2687,,
best_case_ux,2025-10-01 00:00:00,session_conversion_rate,0.0935,,
best_case_ux,2025-10-01 00:00:00,n_orders,973.7365,,
best_case_ux,2025-11-01 00:00:00,gross_revenue_eur,532263.0154,,
best_case_ux,2025-11-01 00:00:00,session_conversion_rate,0.0986,,
best_case_ux,2025-11-01 00:00:00,n_orders,1070.5813,,
best_case_ux,2025-12-01 00:00:00,gross_revenue_eur,646768.688,,
best_case_ux,2025-12-01 00:00:00,session_conversion_rate,0.0935,,
best_case_ux,2025-12-01 00:00:00,n_orders,1279.1669,,
best_case_ux,2026-01-01 00:00:00,gross_revenue_eur,499901.9447,,
best_case_ux,2026-01-01 00:00:00,session_conversion_rate,0.0916,,
best_case_ux,2026-01-01 00:00:00,n_orders,966.9469,,
best_case_ux,2026-02-01 00:00:00,gross_revenue_eur,539824.1633,,
best_case_ux,2026-02-01 00:00:00,session_conversion_rate,0.1013,,
best_case_ux,2026-02-01 00:00:00,n_orders,1048.6754,,
best_case_ux,2026-03-01 00:00:00,gross_revenue_eur,1012480.819,,
best_case_ux,2026-03-01 00:00:00,session_conversion_rate,0.0983,,
best_case_ux,2026-03-01 00:00:00,n_orders,1908.8765,,
best_case_ux,2026-04-01 00:00:00,gross_revenue_eur,1065535.1032,,
best_case_ux,2026-04-01 00:00:00,session_conversion_rate,0.0948,,
best_case_ux,2026-04-01 00:00:00,n_orders,2085.8742,,
best_case_ux,2026-05-01 00:00:00,gross_revenue_eur,1259920.5155,,
best_case_ux,2026-05-01 00:00:00,session_conversion_rate,0.0861,,
best_case_ux,2026-05-01 00:00:00,n_orders,2507.9592,,
best_case_ux,2026-06-01 00:00:00,gross_revenue_eur,1345543.6705,,
best_case_ux,2026-06-01 00:00:00,session_conversion_rate,0.0791,,
best_case_ux,2026-06-01 00:00:00,n_orders,2739.927,,
best_case_ux,2026-07-01 00:00:00,gross_revenue_eur,1761890.2272,,
best_case_ux,2026-07-01 00:00:00,session_conversion_rate,0.0979,,
best_case_ux,2026-07-01 00:00:00,n_orders,3399.831,,
best_case_ux,2026-08-01 00:00:00,gross_revenue_eur,2117496.7102,,
best_case_ux,2026-08-01 00:00:00,session_conversion_rate,0.1024,,
best_case_ux,2026-08-01 00:00:00,n_orders,4154.1958,,
best_case_ux,2026-09-01 00:00:00,gross_revenue_eur,2960196.7165,,
best_case_ux,2026-09-01 00:00:00,session_conversion_rate,0.0906,,
best_case_ux,2026-09-01 00:00:00,n_orders,5927.3887,,
german_strict,all_months,n_orders,37909.7349,28633.2967,-32.4
german_strict,all_months,gross_revenue_eur,19230098.9918,14599032.3573,-31.72
german_strict,all_months,net_revenue_eur,17482611.5074,13183998.2826,-32.6
german_strict,all_months,unique_customers,30349.9373,23228.2792,-30.66
german_strict,all_months,total_sessions,28895.0,28895.0,-0.0
german_strict,all_months,sessions_with_pageview,21478.8797,28895.0,25.67
german_strict,all_months,sessions_with_cart,14129.4659,18886.959,25.19
german_strict,all_months,sessions_with_checkout,11073.877,8638.3197,-28.19
german_strict,all_months,sessions_with_purchase,3212.5216,2560.0493,-25.49
german_strict,all_months,session_conversion_rate,0.1102,0.0968,-13.92
german_strict,all_months,cart_to_purchase_rate,0.2279,0.1473,-54.71
german_strict,all_months,avg_order_value_eur,508.9869,506.1047,-0.57
german_strict,2025-01-01 00:00:00,gross_revenue_eur,10668.8975,,
german_strict,2025-01-01 00:00:00,session_conversion_rate,0.1656,,
german_strict,2025-01-01 00:00:00,n_orders,26.9668,,
german_strict,2025-02-01 00:00:00,gross_revenue_eur,35477.6055,,
german_strict,2025-02-01 00:00:00,session_conversion_rate,0.0593,,
german_strict,2025-02-01 00:00:00,n_orders,65.9092,,
german_strict,2025-03-01 00:00:00,gross_revenue_eur,110825.4999,,
german_strict,2025-03-01 00:00:00,session_conversion_rate,0.0853,,
german_strict,2025-03-01 00:00:00,n_orders,209.8488,,
german_strict,2025-04-01 00:00:00,gross_revenue_eur,178738.7771,,
german_strict,2025-04-01 00:00:00,session_conversion_rate,0.0819,,
german_strict,2025-04-01 00:00:00,n_orders,315.1523,,
german_strict,2025-05-01 00:00:00,gross_revenue_eur,210454.5814,,
german_strict,2025-05-01 00:00:00,session_conversion_rate,0.1356,,
german_strict,2025-05-01 00:00:00,n_orders,431.3895,,
german_strict,2025-06-01 00:00:00,gross_revenue_eur,308736.9652,,
german_strict,2025-06-01 00:00:00,session_conversion_rate,0.0905,,
german_strict,2025-06-01 00:00:00,n_orders,580.1983,,
german_strict,2025-07-01 00:00:00,gross_revenue_eur,349841.2426,,
german_strict,2025-07-01 00:00:00,session_conversion_rate,0.1206,,
german_strict,2025-07-01 00:00:00,n_orders,698.858,,
german_strict,2025-08-01 00:00:00,gross_revenue_eur,425800.1603,,
german_strict,2025-08-01 00:00:00,session_conversion_rate,0.1117,,
german_strict,2025-08-01 00:00:00,n_orders,803.1859,,
german_strict,2025-09-01 00:00:00,gross_revenue_eur,493992.7282,,
german_strict,2025-09-01 00:00:00,session_conversion_rate,0.1436,,
german_strict,2025-09-01 00:00:00,n_orders,950.4005,,
german_strict,2025-10-01 00:00:00,gross_revenue_eur,596744.3047,,
german_strict,2025-10-01 00:00:00,session_conversion_rate,0.1324,,
german_strict,2025-10-01 00:00:00,n_orders,1175.8589,,
german_strict,2025-11-01 00:00:00,gross_revenue_eur,589359.0876,,
german_strict,2025-11-01 00:00:00,session_conversion_rate,0.1226,,
german_strict,2025-11-01 00:00:00,n_orders,1255.2528,,
german_strict,2025-12-01 00:00:00,gross_revenue_eur,782745.2881,,
german_strict,2025-12-01 00:00:00,session_conversion_rate,0.1092,,
german_strict,2025-12-01 00:00:00,n_orders,1471.6476,,
german_strict,2026-01-01 00:00:00,gross_revenue_eur,604948.0302,,
german_strict,2026-01-01 00:00:00,session_conversion_rate,0.0833,,
german_strict,2026-01-01 00:00:00,n_orders,1134.0223,,
german_strict,2026-02-01 00:00:00,gross_revenue_eur,635264.1889,,
german_strict,2026-02-01 00:00:00,session_conversion_rate,0.1064,,
german_strict,2026-02-01 00:00:00,n_orders,1251.2605,,
german_strict,2026-03-01 00:00:00,gross_revenue_eur,1197881.7587,,
german_strict,2026-03-01 00:00:00,session_conversion_rate,0.11,,
german_strict,2026-03-01 00:00:00,n_orders,2340.1011,,
german_strict,2026-04-01 00:00:00,gross_revenue_eur,1284795.2716,,
german_strict,2026-04-01 00:00:00,session_conversion_rate,0.1115,,
german_strict,2026-04-01 00:00:00,n_orders,2478.3778,,
german_strict,2026-05-01 00:00:00,gross_revenue_eur,1511380.7426,,
german_strict,2026-05-01 00:00:00,session_conversion_rate,0.1124,,
german_strict,2026-05-01 00:00:00,n_orders,2976.2045,,
german_strict,2026-06-01 00:00:00,gross_revenue_eur,1597140.2706,,
german_strict,2026-06-01 00:00:00,session_conversion_rate,0.0935,,
german_strict,2026-06-01 00:00:00,n_orders,3259.5632,,
german_strict,2026-07-01 00:00:00,gross_revenue_eur,2070187.4447,,
german_strict,2026-07-01 00:00:00,session_conversion_rate,0.108,,
german_strict,2026-07-01 00:00:00,n_orders,4079.6839,,
german_strict,2026-08-01 00:00:00,gross_revenue_eur,2498374.1435,,
german_strict,2026-08-01 00:00:00,session_conversion_rate,0.1195,,
german_strict,2026-08-01 00:00:00,n_orders,5024.6132,,
german_strict,2026-09-01 00:00:00,gross_revenue_eur,3736742.0029,,
german_strict,2026-09-01 00:00:00,session_conversion_rate,0.1121,,
german_strict,2026-09-01 00:00:00,n_orders,7381.2398,,
