rate_date,base_currency,target_currency,rate,rate_inverse
2025-01-02,EUR,GBP,0.83118,1.203109
2025-01-02,EUR,SEK,11.4223,0.087548
2025-01-02,EUR,PLN,4.2753,0.233902
2025-01-03,EUR,GBP,0.82993,1.204921
2025-01-03,EUR,SEK,11.4395,0.087416
2025-01-03,EUR,PLN,4.2725,0.234055
2025-01-04,EUR,GBP,0.82993,1.204921
2025-01-04,EUR,SEK,11.4395,0.087416
2025-01-04,EUR,PLN,4.2725,0.234055
2025-01-05,EUR,GBP,0.82993,1.204921
2025-01-05,EUR,SEK,11.4395,0.087416
2025-01-05,EUR,PLN,4.2725,0.234055
2025-01-06,EUR,GBP,0.83098,1.203398
2025-01-06,EUR,SEK,11.4645,0.087226
2025-01-06,EUR,PLN,4.2518,0.235195
2025-01-07,EUR,GBP,0.82915,1.206054
2025-01-07,EUR,SEK,11.475,0.087146
2025-01-07,EUR,PLN,4.2583,0.234835
2025-01-08,EUR,GBP,0.83403,1.198998
2025-01-08,EUR,SEK,11.5125,0.086862
2025-01-08,EUR,PLN,4.2765,0.233836
2025-01-09,EUR,GBP,0.83808,1.193204
2025-01-09,EUR,SEK,11.4945,0.086998
2025-01-09,EUR,PLN,4.2723,0.234066
2025-01-10,EUR,GBP,0.83693,1.194843
2025-01-10,EUR,SEK,11.497,0.086979
2025-01-10,EUR,PLN,4.266,0.234412
2025-01-11,EUR,GBP,0.83693,1.194843
2025-01-11,EUR,SEK,11.497,0.086979
2025-01-11,EUR,PLN,4.266,0.234412
2025-01-12,EUR,GBP,0.83693,1.194843
2025-01-12,EUR,SEK,11.497,0.086979
2025-01-12,EUR,PLN,4.266,0.234412
2025-01-13,EUR,GBP,0.8416,1.188213
2025-01-13,EUR,SEK,11.5055,0.086915
2025-01-13,EUR,PLN,4.2715,0.23411
2025-01-14,EUR,GBP,0.84288,1.186409
2025-01-14,EUR,SEK,11.512,0.086866
2025-01-14,EUR,PLN,4.2683,0.234285
2025-01-15,EUR,GBP,0.84313,1.186057
2025-01-15,EUR,SEK,11.5015,0.086945
2025-01-15,EUR,PLN,4.2613,0.23467
2025-01-16,EUR,GBP,0.84258,1.186831
2025-01-16,EUR,SEK,11.485,0.08707
2025-01-16,EUR,PLN,4.2688,0.234258
2025-01-17,EUR,GBP,0.84453,1.184091
2025-01-17,EUR,SEK,11.506,0.086911
2025-01-17,EUR,PLN,4.2585,0.234824
2025-01-18,EUR,GBP,0.84453,1.184091
2025-01-18,EUR,SEK,11.506,0.086911
2025-01-18,EUR,PLN,4.2585,0.234824
2025-01-19,EUR,GBP,0.84453,1.184091
2025-01-19,EUR,SEK,11.506,0.086911
2025-01-19,EUR,PLN,4.2585,0.234824
2025-01-20,EUR,GBP,0.84588,1.182201
2025-01-20,EUR,SEK,11.4945,0.086998
2025-01-20,EUR,PLN,4.2568,0.234918
2025-01-21,EUR,GBP,0.84553,1.18269
2025-01-21,EUR,SEK,11.475,0.087146
2025-01-21,EUR,PLN,4.2538,0.235084
2025-01-22,EUR,GBP,0.84466,1.183908
2025-01-22,EUR,SEK,11.467,0.087207
2025-01-22,EUR,PLN,4.23,0.236407
2025-01-23,EUR,GBP,0.84468,1.18388
2025-01-23,EUR,SEK,11.4685,0.087195
2025-01-23,EUR,PLN,4.211,0.237473
2025-01-24,EUR,GBP,0.84413,1.184652
2025-01-24,EUR,SEK,11.459,0.087268
2025-01-24,EUR,PLN,4.2138,0.237315
2025-01-25,EUR,GBP,0.84413,1.184652
2025-01-25,EUR,SEK,11.459,0.087268
2025-01-25,EUR,PLN,4.2138,0.237315
2025-01-26,EUR,GBP,0.84413,1.184652
2025-01-26,EUR,SEK,11.459,0.087268
2025-01-26,EUR,PLN,4.2138,0.237315
2025-01-27,EUR,GBP,0.84106,1.188976
2025-01-27,EUR,SEK,11.496,0.086987
2025-01-27,EUR,PLN,4.2193,0.237006
2025-01-28,EUR,GBP,0.83868,1.19235
2025-01-28,EUR,SEK,11.478,0.087123
2025-01-28,EUR,PLN,4.2078,0.237654
2025-01-29,EUR,GBP,0.83723,1.194415
2025-01-29,EUR,SEK,11.4555,0.087294
2025-01-29,EUR,PLN,4.2135,0.237332
2025-01-30,EUR,GBP,0.83685,1.194957
2025-01-30,EUR,SEK,11.47,0.087184
2025-01-30,EUR,PLN,4.2063,0.237739
2025-01-31,EUR,GBP,0.83608,1.196058
2025-01-31,EUR,SEK,11.474,0.087154
2025-01-31,EUR,PLN,4.213,0.237361
2025-02-01,EUR,GBP,0.83608,1.196058
2025-02-01,EUR,SEK,11.474,0.087154
2025-02-01,EUR,PLN,4.213,0.237361
2025-02-02,EUR,GBP,0.83608,1.196058
2025-02-02,EUR,SEK,11.474,0.087154
2025-02-02,EUR,PLN,4.213,0.237361
2025-02-03,EUR,GBP,0.83136,1.202848
2025-02-03,EUR,SEK,11.481,0.0871
2025-02-03,EUR,PLN,4.2255,0.236658
2025-02-04,EUR,GBP,0.83188,1.202096
2025-02-04,EUR,SEK,11.418,0.087581
2025-02-04,EUR,PLN,4.2193,0.237006
2025-02-05,EUR,GBP,0.83085,1.203587
2025-02-05,EUR,SEK,11.3583,0.088041
2025-02-05,EUR,PLN,4.1968,0.238277
2025-02-06,EUR,GBP,0.83688,1.194914
2025-02-06,EUR,SEK,11.321,0.088331
2025-02-06,EUR,PLN,4.2065,0.237727
2025-02-07,EUR,GBP,0.83353,1.199717
2025-02-07,EUR,SEK,11.2865,0.088601
2025-02-07,EUR,PLN,4.1985,0.23818
2025-02-08,EUR,GBP,0.83353,1.199717
2025-02-08,EUR,SEK,11.2865,0.088601
2025-02-08,EUR,PLN,4.1985,0.23818
2025-02-09,EUR,GBP,0.83353,1.199717
2025-02-09,EUR,SEK,11.2865,0.088601
2025-02-09,EUR,PLN,4.1985,0.23818
2025-02-10,EUR,GBP,0.83283,1.200725
2025-02-10,EUR,SEK,11.2765,0.08868
2025-02-10,EUR,PLN,4.1758,0.239475
2025-02-11,EUR,GBP,0.83355,1.199688
2025-02-11,EUR,SEK,11.2525,0.088869
2025-02-11,EUR,PLN,4.1785,0.23932
2025-02-12,EUR,GBP,0.83338,1.199933
2025-02-12,EUR,SEK,11.2895,0.088578
2025-02-12,EUR,PLN,4.1713,0.239733
2025-02-13,EUR,GBP,0.83313,1.200293
2025-02-13,EUR,SEK,11.2815,0.088641
2025-02-13,EUR,PLN,4.1688,0.239877
2025-02-14,EUR,GBP,0.83215,1.201706
2025-02-14,EUR,SEK,11.2445,0.088932
2025-02-14,EUR,PLN,4.1653,0.240079
2025-02-15,EUR,GBP,0.83215,1.201706
2025-02-15,EUR,SEK,11.2445,0.088932
2025-02-15,EUR,PLN,4.1653,0.240079
2025-02-16,EUR,GBP,0.83215,1.201706
2025-02-16,EUR,SEK,11.2445,0.088932
2025-02-16,EUR,PLN,4.1653,0.240079
2025-02-17,EUR,GBP,0.83133,1.202892
2025-02-17,EUR,SEK,11.216,0.089158
2025-02-17,EUR,PLN,4.1605,0.240356
2025-02-18,EUR,GBP,0.83025,1.204456
2025-02-18,EUR,SEK,11.2115,0.089194
2025-02-18,EUR,PLN,4.166,0.240038
2025-02-19,EUR,GBP,0.82838,1.207175
2025-02-19,EUR,SEK,11.214,0.089174
2025-02-19,EUR,PLN,4.174,0.239578
2025-02-20,EUR,GBP,0.82823,1.207394
2025-02-20,EUR,SEK,11.166,0.089558
2025-02-20,EUR,PLN,4.1605,0.240356
2025-02-21,EUR,GBP,0.8276,1.208313
2025-02-21,EUR,SEK,11.1425,0.089746
2025-02-21,EUR,PLN,4.1683,0.239906
2025-02-22,EUR,GBP,0.8276,1.208313
2025-02-22,EUR,SEK,11.1425,0.089746
2025-02-22,EUR,PLN,4.1683,0.239906
2025-02-23,EUR,GBP,0.8276,1.208313
2025-02-23,EUR,SEK,11.1425,0.089746
2025-02-23,EUR,PLN,4.1683,0.239906
2025-02-24,EUR,GBP,0.8283,1.207292
2025-02-24,EUR,SEK,11.153,0.089662
2025-02-24,EUR,PLN,4.1445,0.241284
2025-02-25,EUR,GBP,0.82908,1.206156
2025-02-25,EUR,SEK,11.1455,0.089722
2025-02-25,EUR,PLN,4.1393,0.241587
2025-02-26,EUR,GBP,0.82868,1.206738
2025-02-26,EUR,SEK,11.143,0.089742
2025-02-26,EUR,PLN,4.144,0.241313
2025-02-27,EUR,GBP,0.82673,1.209585
2025-02-27,EUR,SEK,11.159,0.089614
2025-02-27,EUR,PLN,4.1308,0.242084
2025-02-28,EUR,GBP,0.82608,1.210537
2025-02-28,EUR,SEK,11.188,0.089381
2025-02-28,EUR,PLN,4.1503,0.240946
2025-03-01,EUR,GBP,0.82608,1.210537
2025-03-01,EUR,SEK,11.188,0.089381
2025-03-01,EUR,PLN,4.1503,0.240946
2025-03-02,EUR,GBP,0.82608,1.210537
2025-03-02,EUR,SEK,11.188,0.089381
2025-03-02,EUR,PLN,4.1503,0.240946
2025-03-03,EUR,GBP,0.8253,1.211681
2025-03-03,EUR,SEK,11.15,0.089686
2025-03-03,EUR,PLN,4.1708,0.239762
2025-03-04,EUR,GBP,0.82788,1.207905
2025-03-04,EUR,SEK,11.0995,0.090094
2025-03-04,EUR,PLN,4.1593,0.240425
2025-03-05,EUR,GBP,0.835,1.197605
2025-03-05,EUR,SEK,11.0125,0.090806
2025-03-05,EUR,PLN,4.15,0.240964
2025-03-06,EUR,GBP,0.8379,1.19346
2025-03-06,EUR,SEK,10.962,0.091224
2025-03-06,EUR,PLN,4.177,0.239406
2025-03-07,EUR,GBP,0.84088,1.18923
2025-03-07,EUR,SEK,10.9715,0.091145
2025-03-07,EUR,PLN,4.1788,0.239303
2025-03-08,EUR,GBP,0.84088,1.18923
2025-03-08,EUR,SEK,10.9715,0.091145
2025-03-08,EUR,PLN,4.1788,0.239303
2025-03-09,EUR,GBP,0.84088,1.18923
2025-03-09,EUR,SEK,10.9715,0.091145
2025-03-09,EUR,PLN,4.1788,0.239303
2025-03-10,EUR,GBP,0.83849,1.19262
2025-03-10,EUR,SEK,10.9695,0.091162
2025-03-10,EUR,PLN,4.196,0.238322
2025-03-11,EUR,GBP,0.84374,1.185199
2025-03-11,EUR,SEK,10.9815,0.091062
2025-03-11,EUR,PLN,4.2003,0.238078
2025-03-12,EUR,GBP,0.84078,1.189372
2025-03-12,EUR,SEK,10.9765,0.091104
2025-03-12,EUR,PLN,4.1955,0.238351
2025-03-13,EUR,GBP,0.83778,1.193631
2025-03-13,EUR,SEK,11.07,0.090334
2025-03-13,EUR,PLN,4.1965,0.238294
2025-03-14,EUR,GBP,0.84183,1.187888
2025-03-14,EUR,SEK,11.0538,0.090467
2025-03-14,EUR,PLN,4.1723,0.239676
2025-03-15,EUR,GBP,0.84183,1.187888
2025-03-15,EUR,SEK,11.0538,0.090467
2025-03-15,EUR,PLN,4.1723,0.239676
2025-03-16,EUR,GBP,0.84183,1.187888
2025-03-16,EUR,SEK,11.0538,0.090467
2025-03-16,EUR,PLN,4.1723,0.239676
2025-03-17,EUR,GBP,0.84026,1.190108
2025-03-17,EUR,SEK,11.0225,0.090724
2025-03-17,EUR,PLN,4.1863,0.238874
2025-03-18,EUR,GBP,0.84173,1.188029
2025-03-18,EUR,SEK,10.997,0.090934
2025-03-18,EUR,PLN,4.175,0.239521
2025-03-19,EUR,GBP,0.84078,1.189372
2025-03-19,EUR,SEK,11.0025,0.090888
2025-03-19,EUR,PLN,4.1885,0.238749
2025-03-20,EUR,GBP,0.8369,1.194886
2025-03-20,EUR,SEK,11.0295,0.090666
2025-03-20,EUR,PLN,4.2003,0.238078
2025-03-21,EUR,GBP,0.83765,1.193816
2025-03-21,EUR,SEK,10.933,0.091466
2025-03-21,EUR,PLN,4.2023,0.237965
2025-03-22,EUR,GBP,0.83765,1.193816
2025-03-22,EUR,SEK,10.933,0.091466
2025-03-22,EUR,PLN,4.2023,0.237965
2025-03-23,EUR,GBP,0.83765,1.193816
2025-03-23,EUR,SEK,10.933,0.091466
2025-03-23,EUR,PLN,4.2023,0.237965
2025-03-24,EUR,GBP,0.83663,1.195272
2025-03-24,EUR,SEK,10.957,0.091266
2025-03-24,EUR,PLN,4.176,0.239464
2025-03-25,EUR,GBP,0.83565,1.196673
2025-03-25,EUR,SEK,10.7975,0.092614
2025-03-25,EUR,PLN,4.1635,0.240183
2025-03-26,EUR,GBP,0.83623,1.195843
2025-03-26,EUR,SEK,10.8395,0.092255
2025-03-26,EUR,PLN,4.1755,0.239492
2025-03-27,EUR,GBP,0.83318,1.200221
2025-03-27,EUR,SEK,10.8235,0.092392
2025-03-27,EUR,PLN,4.1968,0.238277
2025-03-28,EUR,GBP,0.83358,1.199645
2025-03-28,EUR,SEK,10.82,0.092421
2025-03-28,EUR,PLN,4.1775,0.239378
2025-03-29,EUR,GBP,0.83358,1.199645
2025-03-29,EUR,SEK,10.82,0.092421
2025-03-29,EUR,PLN,4.1775,0.239378
2025-03-30,EUR,GBP,0.83358,1.199645
2025-03-30,EUR,SEK,10.82,0.092421
2025-03-30,EUR,PLN,4.1775,0.239378
2025-03-31,EUR,GBP,0.83536,1.197089
2025-03-31,EUR,SEK,10.849,0.092174
2025-03-31,EUR,PLN,4.184,0.239006
2025-04-01,EUR,GBP,0.83665,1.195243
2025-04-01,EUR,SEK,10.816,0.092456
2025-04-01,EUR,PLN,4.1863,0.238874
2025-04-02,EUR,GBP,0.83455,1.198251
2025-04-02,EUR,SEK,10.764,0.092902
2025-04-02,EUR,PLN,4.1775,0.239378
2025-04-03,EUR,GBP,0.84163,1.188171
2025-04-03,EUR,SEK,10.7205,0.093279
2025-04-03,EUR,PLN,4.196,0.238322
2025-04-04,EUR,GBP,0.84985,1.176678
2025-04-04,EUR,SEK,10.974,0.091124
2025-04-04,EUR,PLN,4.2625,0.234604
2025-04-05,EUR,GBP,0.84985,1.176678
2025-04-05,EUR,SEK,10.974,0.091124
2025-04-05,EUR,PLN,4.2625,0.234604
2025-04-06,EUR,GBP,0.84985,1.176678
2025-04-06,EUR,SEK,10.974,0.091124
2025-04-06,EUR,PLN,4.2625,0.234604
2025-04-07,EUR,GBP,0.85588,1.168388
2025-04-07,EUR,SEK,11.078,0.090269
2025-04-07,EUR,PLN,4.294,0.232883
2025-04-08,EUR,GBP,0.85644,1.167624
2025-04-08,EUR,SEK,10.9775,0.091095
2025-04-08,EUR,PLN,4.269,0.234247
2025-04-09,EUR,GBP,0.86435,1.156939
2025-04-09,EUR,SEK,11.0715,0.090322
2025-04-09,EUR,PLN,4.2953,0.232813
2025-04-10,EUR,GBP,0.85755,1.166113
2025-04-10,EUR,SEK,11.019,0.090752
2025-04-10,EUR,PLN,4.2543,0.235056
2025-04-11,EUR,GBP,0.86678,1.153695
2025-04-11,EUR,SEK,11.1198,0.08993
2025-04-11,EUR,PLN,4.2953,0.232813
2025-04-12,EUR,GBP,0.86678,1.153695
2025-04-12,EUR,SEK,11.1198,0.08993
2025-04-12,EUR,PLN,4.2953,0.232813
2025-04-13,EUR,GBP,0.86678,1.153695
2025-04-13,EUR,SEK,11.1198,0.08993
2025-04-13,EUR,PLN,4.2953,0.232813
2025-04-14,EUR,GBP,0.86383,1.157635
2025-04-14,EUR,SEK,11.0065,0.090855
2025-04-14,EUR,PLN,4.286,0.233318
2025-04-15,EUR,GBP,0.8557,1.168634
2025-04-15,EUR,SEK,11.0611,0.090407
2025-04-15,EUR,PLN,4.2844,0.233405
2025-04-16,EUR,GBP,0.85618,1.167979
2025-04-16,EUR,SEK,11.155,0.089646
2025-04-16,EUR,PLN,4.2933,0.232921
2025-04-17,EUR,GBP,0.85873,1.16451
2025-04-17,EUR,SEK,11.0278,0.09068
2025-04-17,EUR,PLN,4.2743,0.233956
2025-04-18,EUR,GBP,0.85873,1.16451
2025-04-18,EUR,SEK,11.0278,0.09068
2025-04-18,EUR,PLN,4.2743,0.233956
2025-04-19,EUR,GBP,0.85873,1.16451
2025-04-19,EUR,SEK,11.0278,0.09068
2025-04-19,EUR,PLN,4.2743,0.233956
2025-04-20,EUR,GBP,0.85873,1.16451
2025-04-20,EUR,SEK,11.0278,0.09068
2025-04-20,EUR,PLN,4.2743,0.233956
2025-04-21,EUR,GBP,0.85873,1.16451
2025-04-21,EUR,SEK,11.0278,0.09068
2025-04-21,EUR,PLN,4.2743,0.233956
2025-04-22,EUR,GBP,0.85858,1.164714
2025-04-22,EUR,SEK,10.9153,0.091615
2025-04-22,EUR,PLN,4.28,0.233645
2025-04-23,EUR,GBP,0.85793,1.165596
2025-04-23,EUR,SEK,10.9395,0.091412
2025-04-23,EUR,PLN,4.2915,0.233019
2025-04-24,EUR,GBP,0.855,1.169591
2025-04-24,EUR,SEK,10.911,0.091651
2025-04-24,EUR,PLN,4.2748,0.233929
2025-04-25,EUR,GBP,0.8531,1.172196
2025-04-25,EUR,SEK,11.0015,0.090897
2025-04-25,EUR,PLN,4.2683,0.234285
2025-04-26,EUR,GBP,0.8531,1.172196
2025-04-26,EUR,SEK,11.0015,0.090897
2025-04-26,EUR,PLN,4.2683,0.234285
2025-04-27,EUR,GBP,0.8531,1.172196
2025-04-27,EUR,SEK,11.0015,0.090897
2025-04-27,EUR,PLN,4.2683,0.234285
2025-04-28,EUR,GBP,0.8514,1.174536
2025-04-28,EUR,SEK,10.997,0.090934
2025-04-28,EUR,PLN,4.2755,0.233891
2025-04-29,EUR,GBP,0.8498,1.176747
2025-04-29,EUR,SEK,10.962,0.091224
2025-04-29,EUR,PLN,4.2708,0.234148
2025-04-30,EUR,GBP,0.8518,1.173985
2025-04-30,EUR,SEK,10.9715,0.091145
2025-04-30,EUR,PLN,4.2753,0.233902
2025-05-01,EUR,GBP,0.8518,1.173985
2025-05-01,EUR,SEK,10.9715,0.091145
2025-05-01,EUR,PLN,4.2753,0.233902
2025-05-02,EUR,GBP,0.8533,1.171921
2025-05-02,EUR,SEK,10.9375,0.091429
2025-05-02,EUR,PLN,4.275,0.233918
2025-05-03,EUR,GBP,0.8533,1.171921
2025-05-03,EUR,SEK,10.9375,0.091429
2025-05-03,EUR,PLN,4.275,0.233918
2025-05-04,EUR,GBP,0.8533,1.171921
2025-05-04,EUR,SEK,10.9375,0.091429
2025-05-04,EUR,PLN,4.275,0.233918
2025-05-05,EUR,GBP,0.8515,1.174398
2025-05-05,EUR,SEK,10.9355,0.091445
2025-05-05,EUR,PLN,4.2733,0.234011
2025-05-06,EUR,GBP,0.8469,1.180777
2025-05-06,EUR,SEK,10.88,0.091912
2025-05-06,EUR,PLN,4.2748,0.233929
2025-05-07,EUR,GBP,0.8511,1.17495
2025-05-07,EUR,SEK,10.903,0.091718
2025-05-07,EUR,PLN,4.2753,0.233902
2025-05-08,EUR,GBP,0.8476,1.179802
2025-05-08,EUR,SEK,10.903,0.091718
2025-05-08,EUR,PLN,4.27,0.234192
2025-05-09,EUR,GBP,0.8477,1.179663
2025-05-09,EUR,SEK,10.92,0.091575
2025-05-09,EUR,PLN,4.2393,0.235888
2025-05-10,EUR,GBP,0.8477,1.179663
2025-05-10,EUR,SEK,10.92,0.091575
2025-05-10,EUR,PLN,4.2393,0.235888
2025-05-11,EUR,GBP,0.8477,1.179663
2025-05-11,EUR,SEK,10.92,0.091575
2025-05-11,EUR,PLN,4.2393,0.235888
2025-05-12,EUR,GBP,0.8429,1.18638
2025-05-12,EUR,SEK,10.8845,0.091874
2025-05-12,EUR,PLN,4.2403,0.235832
2025-05-13,EUR,GBP,0.8406,1.189626
2025-05-13,EUR,SEK,10.8255,0.092374
2025-05-13,EUR,PLN,4.2518,0.235195
2025-05-14,EUR,GBP,0.8415,1.188354
2025-05-14,EUR,SEK,10.854,0.092132
2025-05-14,EUR,PLN,4.2425,0.23571
2025-05-15,EUR,GBP,0.8424,1.187085
2025-05-15,EUR,SEK,10.8875,0.091848
2025-05-15,EUR,PLN,4.2423,0.235721
2025-05-16,EUR,GBP,0.8427,1.186662
2025-05-16,EUR,SEK,10.9327,0.091469
2025-05-16,EUR,PLN,4.26,0.234742
2025-05-17,EUR,GBP,0.8427,1.186662
2025-05-17,EUR,SEK,10.9327,0.091469
2025-05-17,EUR,PLN,4.26,0.234742
2025-05-18,EUR,GBP,0.8427,1.186662
2025-05-18,EUR,SEK,10.9327,0.091469
2025-05-18,EUR,PLN,4.26,0.234742
2025-05-19,EUR,GBP,0.8419,1.18779
2025-05-19,EUR,SEK,10.9015,0.09173
2025-05-19,EUR,PLN,4.2688,0.234258
2025-05-20,EUR,GBP,0.8418,1.187931
2025-05-20,EUR,SEK,10.8835,0.091882
2025-05-20,EUR,PLN,4.2488,0.235361
2025-05-21,EUR,GBP,0.8446,1.183992
2025-05-21,EUR,SEK,10.8445,0.092213
2025-05-21,EUR,PLN,4.242,0.235738
2025-05-22,EUR,GBP,0.8427,1.186662
2025-05-22,EUR,SEK,10.8485,0.092179
2025-05-22,EUR,PLN,4.246,0.235516
2025-05-23,EUR,GBP,0.8382,1.193033
2025-05-23,EUR,SEK,10.8348,0.092295
2025-05-23,EUR,PLN,4.2603,0.234725
2025-05-24,EUR,GBP,0.8382,1.193033
2025-05-24,EUR,SEK,10.8348,0.092295
2025-05-24,EUR,PLN,4.2603,0.234725
2025-05-25,EUR,GBP,0.8382,1.193033
2025-05-25,EUR,SEK,10.8348,0.092295
2025-05-25,EUR,PLN,4.2603,0.234725
2025-05-26,EUR,GBP,0.8392,1.191611
2025-05-26,EUR,SEK,10.8335,0.092306
2025-05-26,EUR,PLN,4.2445,0.235599
2025-05-27,EUR,GBP,0.8381,1.193175
2025-05-27,EUR,SEK,10.8785,0.091924
2025-05-27,EUR,PLN,4.2475,0.235433
2025-05-28,EUR,GBP,0.8398,1.19076
2025-05-28,EUR,SEK,10.8735,0.091967
2025-05-28,EUR,PLN,4.2415,0.235766
2025-05-29,EUR,GBP,0.8377,1.193745
2025-05-29,EUR,SEK,10.8695,0.092001
2025-05-29,EUR,PLN,4.236,0.236072
2025-05-30,EUR,GBP,0.8412,1.188778
2025-05-30,EUR,SEK,10.8735,0.091967
2025-05-30,EUR,PLN,4.2498,0.235305
2025-05-31,EUR,GBP,0.8412,1.188778
2025-05-31,EUR,SEK,10.8735,0.091967
2025-05-31,EUR,PLN,4.2498,0.235305
2025-06-01,EUR,GBP,0.8412,1.188778
2025-06-01,EUR,SEK,10.8735,0.091967
2025-06-01,EUR,PLN,4.2498,0.235305
2025-06-02,EUR,GBP,0.8434,1.185677
2025-06-02,EUR,SEK,10.8535,0.092136
2025-06-02,EUR,PLN,4.2578,0.234863
2025-06-03,EUR,GBP,0.8436,1.185396
2025-06-03,EUR,SEK,10.9245,0.091537
2025-06-03,EUR,PLN,4.2798,0.233656
2025-06-04,EUR,GBP,0.8421,1.187507
2025-06-04,EUR,SEK,10.9475,0.091345
2025-06-04,EUR,PLN,4.283,0.233481
2025-06-05,EUR,GBP,0.8419,1.18779
2025-06-05,EUR,SEK,10.943,0.091383
2025-06-05,EUR,PLN,4.284,0.233427
2025-06-06,EUR,GBP,0.8426,1.186803
2025-06-06,EUR,SEK,10.959,0.091249
2025-06-06,EUR,PLN,4.287,0.233263
2025-06-07,EUR,GBP,0.8426,1.186803
2025-06-07,EUR,SEK,10.959,0.091249
2025-06-07,EUR,PLN,4.287,0.233263
2025-06-08,EUR,GBP,0.8426,1.186803
2025-06-08,EUR,SEK,10.959,0.091249
2025-06-08,EUR,PLN,4.287,0.233263
2025-06-09,EUR,GBP,0.8424,1.187085
2025-06-09,EUR,SEK,10.97,0.091158
2025-06-09,EUR,PLN,4.27,0.234192
2025-06-10,EUR,GBP,0.8464,1.181474
2025-06-10,EUR,SEK,10.946,0.091358
2025-06-10,EUR,PLN,4.2533,0.235112
2025-06-11,EUR,GBP,0.8476,1.179802
2025-06-11,EUR,SEK,10.9845,0.091037
2025-06-11,EUR,PLN,4.2605,0.234714
2025-06-12,EUR,GBP,0.8538,1.171234
2025-06-12,EUR,SEK,10.9355,0.091445
2025-06-12,EUR,PLN,4.269,0.234247
2025-06-13,EUR,GBP,0.8505,1.175779
2025-06-13,EUR,SEK,10.9635,0.091212
2025-06-13,EUR,PLN,4.2745,0.233945
2025-06-14,EUR,GBP,0.8505,1.175779
2025-06-14,EUR,SEK,10.9635,0.091212
2025-06-14,EUR,PLN,4.2745,0.233945
2025-06-15,EUR,GBP,0.8505,1.175779
2025-06-15,EUR,SEK,10.9635,0.091212
2025-06-15,EUR,PLN,4.2745,0.233945
2025-06-16,EUR,GBP,0.8523,1.173296
2025-06-16,EUR,SEK,10.9615,0.091228
2025-06-16,EUR,PLN,4.2643,0.234505
2025-06-17,EUR,GBP,0.8525,1.173021
2025-06-17,EUR,SEK,10.948,0.091341
2025-06-17,EUR,PLN,4.2778,0.233765
2025-06-18,EUR,GBP,0.8552,1.169317
2025-06-18,EUR,SEK,11.027,0.090686
2025-06-18,EUR,PLN,4.2733,0.234011
2025-06-19,EUR,GBP,0.8541,1.170823
2025-06-19,EUR,SEK,11.067,0.090359
2025-06-19,EUR,PLN,4.2773,0.233792
2025-06-20,EUR,GBP,0.8537,1.171372
2025-06-20,EUR,SEK,11.125,0.089888
2025-06-20,EUR,PLN,4.2656,0.234434
2025-06-21,EUR,GBP,0.8537,1.171372
2025-06-21,EUR,SEK,11.125,0.089888
2025-06-21,EUR,PLN,4.2656,0.234434
2025-06-22,EUR,GBP,0.8537,1.171372
2025-06-22,EUR,SEK,11.125,0.089888
2025-06-22,EUR,PLN,4.2656,0.234434
2025-06-23,EUR,GBP,0.8567,1.16727
2025-06-23,EUR,SEK,11.1635,0.089578
2025-06-23,EUR,PLN,4.2755,0.233891
2025-06-24,EUR,GBP,0.8527,1.172745
2025-06-24,EUR,SEK,11.063,0.090391
2025-06-24,EUR,PLN,4.2538,0.235084
2025-06-25,EUR,GBP,0.8526,1.172883
2025-06-25,EUR,SEK,11.06,0.090416
2025-06-25,EUR,PLN,4.2478,0.235416
2025-06-26,EUR,GBP,0.8535,1.171646
2025-06-26,EUR,SEK,11.091,0.090163
2025-06-26,EUR,PLN,4.2468,0.235471
2025-06-27,EUR,GBP,0.8529,1.17247
2025-06-27,EUR,SEK,11.1183,0.089942
2025-06-27,EUR,PLN,4.2378,0.235971
2025-06-28,EUR,GBP,0.8529,1.17247
2025-06-28,EUR,SEK,11.1183,0.089942
2025-06-28,EUR,PLN,4.2378,0.235971
2025-06-29,EUR,GBP,0.8529,1.17247
2025-06-29,EUR,SEK,11.1183,0.089942
2025-06-29,EUR,PLN,4.2378,0.235971
2025-06-30,EUR,GBP,0.8555,1.168907
2025-06-30,EUR,SEK,11.1465,0.089714
2025-06-30,EUR,PLN,4.2423,0.235721
2025-07-01,EUR,GBP,0.8588,1.164415
2025-07-01,EUR,SEK,11.159,0.089614
2025-07-01,EUR,PLN,4.2443,0.23561
2025-07-02,EUR,GBP,0.8605,1.162115
2025-07-02,EUR,SEK,11.2005,0.089282
2025-07-02,EUR,PLN,4.2493,0.235333
2025-07-03,EUR,GBP,0.8629,1.158883
2025-07-03,EUR,SEK,11.2515,0.088877
2025-07-03,EUR,PLN,4.2485,0.235377
2025-07-04,EUR,GBP,0.8625,1.15942
2025-07-04,EUR,SEK,11.2505,0.088885
2025-07-04,EUR,PLN,4.2458,0.235527
2025-07-05,EUR,GBP,0.8625,1.15942
2025-07-05,EUR,SEK,11.2505,0.088885
2025-07-05,EUR,PLN,4.2458,0.235527
2025-07-06,EUR,GBP,0.8625,1.15942
2025-07-06,EUR,SEK,11.2505,0.088885
2025-07-06,EUR,PLN,4.2458,0.235527
2025-07-07,EUR,GBP,0.8611,1.161305
2025-07-07,EUR,SEK,11.1645,0.08957
2025-07-07,EUR,PLN,4.2493,0.235333
2025-07-08,EUR,GBP,0.8632,1.15848
2025-07-08,EUR,SEK,11.1695,0.08953
2025-07-08,EUR,PLN,4.2438,0.235638
2025-07-09,EUR,GBP,0.8613,1.161036
2025-07-09,EUR,SEK,11.1645,0.08957
2025-07-09,EUR,PLN,4.2395,0.235877
2025-07-10,EUR,GBP,0.8627,1.159152
2025-07-10,EUR,SEK,11.152,0.08967
2025-07-10,EUR,PLN,4.2475,0.235433
2025-07-11,EUR,GBP,0.8657,1.155135
2025-07-11,EUR,SEK,11.148,0.089702
2025-07-11,EUR,PLN,4.2575,0.23488
2025-07-12,EUR,GBP,0.8657,1.155135
2025-07-12,EUR,SEK,11.148,0.089702
2025-07-12,EUR,PLN,4.2575,0.23488
2025-07-13,EUR,GBP,0.8657,1.155135
2025-07-13,EUR,SEK,11.148,0.089702
2025-07-13,EUR,PLN,4.2575,0.23488
2025-07-14,EUR,GBP,0.8667,1.153802
2025-07-14,EUR,SEK,11.205,0.089246
2025-07-14,EUR,PLN,4.2585,0.234824
2025-07-15,EUR,GBP,0.8679,1.152206
2025-07-15,EUR,SEK,11.27,0.088731
2025-07-15,EUR,PLN,4.255,0.235018
2025-07-16,EUR,GBP,0.8659,1.154868
2025-07-16,EUR,SEK,11.3195,0.088343
2025-07-16,EUR,PLN,4.2593,0.23478
2025-07-17,EUR,GBP,0.8644,1.156872
2025-07-17,EUR,SEK,11.311,0.08841
2025-07-17,EUR,PLN,4.2544,0.235051
2025-07-18,EUR,GBP,0.8656,1.155268
2025-07-18,EUR,SEK,11.2505,0.088885
2025-07-18,EUR,PLN,4.2493,0.235333
2025-07-19,EUR,GBP,0.8656,1.155268
2025-07-19,EUR,SEK,11.2505,0.088885
2025-07-19,EUR,PLN,4.2493,0.235333
2025-07-20,EUR,GBP,0.8656,1.155268
2025-07-20,EUR,SEK,11.2505,0.088885
2025-07-20,EUR,PLN,4.2493,0.235333
2025-07-21,EUR,GBP,0.8656,1.155268
2025-07-21,EUR,SEK,11.212,0.08919
2025-07-21,EUR,PLN,4.2425,0.23571
2025-07-22,EUR,GBP,0.8675,1.152738
2025-07-22,EUR,SEK,11.211,0.089198
2025-07-22,EUR,PLN,4.2565,0.234935
2025-07-23,EUR,GBP,0.8665,1.154068
2025-07-23,EUR,SEK,11.164,0.089574
2025-07-23,EUR,PLN,4.2545,0.235045
2025-07-24,EUR,GBP,0.8675,1.152738
2025-07-24,EUR,SEK,11.185,0.089405
2025-07-24,EUR,PLN,4.2553,0.235001
2025-07-25,EUR,GBP,0.8715,1.147447
2025-07-25,EUR,SEK,11.1665,0.089554
2025-07-25,EUR,PLN,4.2543,0.235056
2025-07-26,EUR,GBP,0.8715,1.147447
2025-07-26,EUR,SEK,11.1665,0.089554
2025-07-26,EUR,PLN,4.2543,0.235056
2025-07-27,EUR,GBP,0.8715,1.147447
2025-07-27,EUR,SEK,11.1665,0.089554
2025-07-27,EUR,PLN,4.2543,0.235056
2025-07-28,EUR,GBP,0.8679,1.152206
2025-07-28,EUR,SEK,11.1545,0.08965
2025-07-28,EUR,PLN,4.2595,0.234769
2025-07-29,EUR,GBP,0.865,1.156069
2025-07-29,EUR,SEK,11.156,0.089638
2025-07-29,EUR,PLN,4.2805,0.233618
2025-07-30,EUR,GBP,0.8622,1.159824
2025-07-30,EUR,SEK,11.1435,0.089738
2025-07-30,EUR,PLN,4.2675,0.234329
2025-07-31,EUR,GBP,0.8649,1.156203
2025-07-31,EUR,SEK,11.1575,0.089626
2025-07-31,EUR,PLN,4.2728,0.234039
2025-08-01,EUR,GBP,0.8665,1.154068
2025-08-01,EUR,SEK,11.1965,0.089314
2025-08-01,EUR,PLN,4.2755,0.233891
2025-08-02,EUR,GBP,0.8665,1.154068
2025-08-02,EUR,SEK,11.1965,0.089314
2025-08-02,EUR,PLN,4.2755,0.233891
2025-08-03,EUR,GBP,0.8665,1.154068
2025-08-03,EUR,SEK,11.1965,0.089314
2025-08-03,EUR,PLN,4.2755,0.233891
2025-08-04,EUR,GBP,0.8704,1.148897
2025-08-04,EUR,SEK,11.1825,0.089425
2025-08-04,EUR,PLN,4.2758,0.233874
2025-08-05,EUR,GBP,0.8693,1.150351
2025-08-05,EUR,SEK,11.173,0.089501
2025-08-05,EUR,PLN,4.2765,0.233836
2025-08-06,EUR,GBP,0.8717,1.147184
2025-08-06,EUR,SEK,11.1955,0.089322
2025-08-06,EUR,PLN,4.278,0.233754
2025-08-07,EUR,GBP,0.8673,1.153004
2025-08-07,EUR,SEK,11.1945,0.08933
2025-08-07,EUR,PLN,4.2593,0.23478
2025-08-08,EUR,GBP,0.8671,1.15327
2025-08-08,EUR,SEK,11.178,0.089461
2025-08-08,EUR,PLN,4.251,0.235239
2025-08-09,EUR,GBP,0.8671,1.15327
2025-08-09,EUR,SEK,11.178,0.089461
2025-08-09,EUR,PLN,4.251,0.235239
2025-08-10,EUR,GBP,0.8671,1.15327
2025-08-10,EUR,SEK,11.178,0.089461
2025-08-10,EUR,PLN,4.251,0.235239
2025-08-11,EUR,GBP,0.8656,1.155268
2025-08-11,EUR,SEK,11.182,0.089429
2025-08-11,EUR,PLN,4.2535,0.235101
2025-08-12,EUR,GBP,0.8621,1.159958
2025-08-12,EUR,SEK,11.192,0.08935
2025-08-12,EUR,PLN,4.2603,0.234725
2025-08-13,EUR,GBP,0.8631,1.158614
2025-08-13,EUR,SEK,11.1575,0.089626
2025-08-13,EUR,PLN,4.26,0.234742
2025-08-14,EUR,GBP,0.861,1.16144
2025-08-14,EUR,SEK,11.182,0.089429
2025-08-14,EUR,PLN,4.2605,0.234714
2025-08-15,EUR,GBP,0.8622,1.159824
2025-08-15,EUR,SEK,11.1775,0.089465
2025-08-15,EUR,PLN,4.2588,0.234808
2025-08-16,EUR,GBP,0.8622,1.159824
2025-08-16,EUR,SEK,11.1775,0.089465
2025-08-16,EUR,PLN,4.2588,0.234808
2025-08-17,EUR,GBP,0.8622,1.159824
2025-08-17,EUR,SEK,11.1775,0.089465
2025-08-17,EUR,PLN,4.2588,0.234808
2025-08-18,EUR,GBP,0.8621,1.159958
2025-08-18,EUR,SEK,11.157,0.08963
2025-08-18,EUR,PLN,4.25,0.235294
2025-08-19,EUR,GBP,0.864,1.157407
2025-08-19,EUR,SEK,11.158,0.089622
2025-08-19,EUR,PLN,4.2448,0.235582
2025-08-20,EUR,GBP,0.8645,1.156738
2025-08-20,EUR,SEK,11.177,0.089469
2025-08-20,EUR,PLN,4.2483,0.235388
2025-08-21,EUR,GBP,0.8654,1.155535
2025-08-21,EUR,SEK,11.164,0.089574
2025-08-21,EUR,PLN,4.2518,0.235195
2025-08-22,EUR,GBP,0.8653,1.155669
2025-08-22,EUR,SEK,11.1775,0.089465
2025-08-22,EUR,PLN,4.2628,0.234588
2025-08-23,EUR,GBP,0.8653,1.155669
2025-08-23,EUR,SEK,11.1775,0.089465
2025-08-23,EUR,PLN,4.2628,0.234588
2025-08-24,EUR,GBP,0.8653,1.155669
2025-08-24,EUR,SEK,11.1775,0.089465
2025-08-24,EUR,PLN,4.2628,0.234588
2025-08-25,EUR,GBP,0.8659,1.154868
2025-08-25,EUR,SEK,11.1345,0.089811
2025-08-25,EUR,PLN,4.2616,0.234654
2025-08-26,EUR,GBP,0.8642,1.15714
2025-08-26,EUR,SEK,11.1565,0.089634
2025-08-26,EUR,PLN,4.2608,0.234698
2025-08-27,EUR,GBP,0.8626,1.159286
2025-08-27,EUR,SEK,11.116,0.08996
2025-08-27,EUR,PLN,4.2698,0.234203
2025-08-28,EUR,GBP,0.8637,1.157809
2025-08-28,EUR,SEK,11.0735,0.090306
2025-08-28,EUR,PLN,4.2618,0.234643
2025-08-29,EUR,GBP,0.8668,1.153669
2025-08-29,EUR,SEK,11.055,0.090457
2025-08-29,EUR,PLN,4.2665,0.234384
2025-08-30,EUR,GBP,0.8668,1.153669
2025-08-30,EUR,SEK,11.055,0.090457
2025-08-30,EUR,PLN,4.2665,0.234384
2025-08-31,EUR,GBP,0.8668,1.153669
2025-08-31,EUR,SEK,11.055,0.090457
2025-08-31,EUR,PLN,4.2665,0.234384
2025-09-01,EUR,GBP,0.8662,1.154468
2025-09-01,EUR,SEK,11.012,0.09081
2025-09-01,EUR,PLN,4.2553,0.235001
2025-09-02,EUR,GBP,0.8702,1.149161
2025-09-02,EUR,SEK,11.003,0.090884
2025-09-02,EUR,PLN,4.2653,0.23445
2025-09-03,EUR,GBP,0.8687,1.151145
2025-09-03,EUR,SEK,11.0015,0.090897
2025-09-03,EUR,PLN,4.2523,0.235167
2025-09-04,EUR,GBP,0.8663,1.154335
2025-09-04,EUR,SEK,11.0185,0.090756
2025-09-04,EUR,PLN,4.251,0.235239
2025-09-05,EUR,GBP,0.8678,1.152339
2025-09-05,EUR,SEK,11.001,0.090901
2025-09-05,EUR,PLN,4.2505,0.235266
2025-09-06,EUR,GBP,0.8678,1.152339
2025-09-06,EUR,SEK,11.001,0.090901
2025-09-06,EUR,PLN,4.2505,0.235266
2025-09-07,EUR,GBP,0.8678,1.152339
2025-09-07,EUR,SEK,11.001,0.090901
2025-09-07,EUR,PLN,4.2505,0.235266
2025-09-08,EUR,GBP,0.8669,1.153536
2025-09-08,EUR,SEK,11.0005,0.090905
2025-09-08,EUR,PLN,4.2495,0.235322
2025-09-09,EUR,GBP,0.8663,1.154335
2025-09-09,EUR,SEK,11.0018,0.090894
2025-09-09,EUR,PLN,4.2558,0.234973
2025-09-10,EUR,GBP,0.865,1.156069
2025-09-10,EUR,SEK,10.951,0.091316
2025-09-10,EUR,PLN,4.2645,0.234494
2025-09-11,EUR,GBP,0.8647,1.15647
2025-09-11,EUR,SEK,10.9515,0.091312
2025-09-11,EUR,PLN,4.2653,0.23445
2025-09-12,EUR,GBP,0.8653,1.155669
2025-09-12,EUR,SEK,10.9485,0.091337
2025-09-12,EUR,PLN,4.2575,0.23488
2025-09-13,EUR,GBP,0.8653,1.155669
2025-09-13,EUR,SEK,10.9485,0.091337
2025-09-13,EUR,PLN,4.2575,0.23488
2025-09-14,EUR,GBP,0.8653,1.155669
2025-09-14,EUR,SEK,10.9485,0.091337
2025-09-14,EUR,PLN,4.2575,0.23488
2025-09-15,EUR,GBP,0.8641,1.157273
2025-09-15,EUR,SEK,10.9115,0.091646
2025-09-15,EUR,PLN,4.2505,0.235266
2025-09-16,EUR,GBP,0.8656,1.155268
2025-09-16,EUR,SEK,10.9305,0.091487
2025-09-16,EUR,PLN,4.2513,0.235222
2025-09-17,EUR,GBP,0.8675,1.152738
2025-09-17,EUR,SEK,10.9635,0.091212
2025-09-17,EUR,PLN,4.2525,0.235156
2025-09-18,EUR,GBP,0.868,1.152074
2025-09-18,EUR,SEK,10.998,0.090926
2025-09-18,EUR,PLN,4.256,0.234962
2025-09-19,EUR,GBP,0.8708,1.148369
2025-09-19,EUR,SEK,11.0705,0.09033
2025-09-19,EUR,PLN,4.263,0.234577
2025-09-20,EUR,GBP,0.8708,1.148369
2025-09-20,EUR,SEK,11.0705,0.09033
2025-09-20,EUR,PLN,4.263,0.234577
2025-09-21,EUR,GBP,0.8708,1.148369
2025-09-21,EUR,SEK,11.0705,0.09033
2025-09-21,EUR,PLN,4.263,0.234577
2025-09-22,EUR,GBP,0.8729,1.145607
2025-09-22,EUR,SEK,11.0495,0.090502
2025-09-22,EUR,PLN,4.259,0.234797
2025-09-23,EUR,GBP,0.8729,1.145607
2025-09-23,EUR,SEK,10.9887,0.091003
2025-09-23,EUR,PLN,4.2553,0.235001
2025-09-24,EUR,GBP,0.8731,1.145344
2025-09-24,EUR,SEK,11.035,0.090621
2025-09-24,EUR,PLN,4.2673,0.23434
2025-09-25,EUR,GBP,0.8748,1.143118
2025-09-25,EUR,SEK,11.0485,0.09051
2025-09-25,EUR,PLN,4.2638,0.234533
2025-09-26,EUR,GBP,0.874,1.144165
2025-09-26,EUR,SEK,11.037,0.090604
2025-09-26,EUR,PLN,4.2705,0.234165
2025-09-27,EUR,GBP,0.874,1.144165
2025-09-27,EUR,SEK,11.037,0.090604
2025-09-27,EUR,PLN,4.2705,0.234165
2025-09-28,EUR,GBP,0.874,1.144165
2025-09-28,EUR,SEK,11.037,0.090604
2025-09-28,EUR,PLN,4.2705,0.234165
2025-09-29,EUR,GBP,0.8723,1.146395
2025-09-29,EUR,SEK,11.03,0.090662
2025-09-29,EUR,PLN,4.2695,0.234219
2025-09-30,EUR,GBP,0.8734,1.144951
2025-09-30,EUR,SEK,11.0565,0.090445
2025-09-30,EUR,PLN,4.2698,0.234203
2025-10-01,EUR,GBP,0.8704,1.148897
2025-10-01,EUR,SEK,11.0355,0.090617
2025-10-01,EUR,PLN,4.2583,0.234835
2025-10-02,EUR,GBP,0.8721,1.146657
2025-10-02,EUR,SEK,11.0025,0.090888
2025-10-02,EUR,PLN,4.2565,0.234935
2025-10-03,EUR,GBP,0.8726,1.146
2025-10-03,EUR,SEK,11.003,0.090884
2025-10-03,EUR,PLN,4.2555,0.23499
2025-10-04,EUR,GBP,0.8726,1.146
2025-10-04,EUR,SEK,11.003,0.090884
2025-10-04,EUR,PLN,4.2555,0.23499
2025-10-05,EUR,GBP,0.8726,1.146
2025-10-05,EUR,SEK,11.003,0.090884
2025-10-05,EUR,PLN,4.2555,0.23499
2025-10-06,EUR,GBP,0.8695,1.150086
2025-10-06,EUR,SEK,10.988,0.091008
2025-10-06,EUR,PLN,4.2528,0.235139
2025-10-07,EUR,GBP,0.8703,1.149029
2025-10-07,EUR,SEK,10.9495,0.091328
2025-10-07,EUR,PLN,4.2535,0.235101
2025-10-08,EUR,GBP,0.8671,1.15327
2025-10-08,EUR,SEK,10.9635,0.091212
2025-10-08,EUR,PLN,4.2508,0.23525
2025-10-09,EUR,GBP,0.8683,1.151676
2025-10-09,EUR,SEK,10.987,0.091017
2025-10-09,EUR,PLN,4.2548,0.235029
2025-10-10,EUR,GBP,0.8709,1.148237
2025-10-10,EUR,SEK,11.008,0.090843
2025-10-10,EUR,PLN,4.2576,0.234874
2025-10-11,EUR,GBP,0.8709,1.148237
2025-10-11,EUR,SEK,11.008,0.090843
2025-10-11,EUR,PLN,4.2576,0.234874
2025-10-12,EUR,GBP,0.8709,1.148237
2025-10-12,EUR,SEK,11.008,0.090843
2025-10-12,EUR,PLN,4.2576,0.234874
2025-10-13,EUR,GBP,0.8677,1.152472
2025-10-13,EUR,SEK,11.013,0.090802
2025-10-13,EUR,PLN,4.2615,0.234659
2025-10-14,EUR,GBP,0.8712,1.147842
2025-10-14,EUR,SEK,11.038,0.090596
2025-10-14,EUR,PLN,4.2625,0.234604
2025-10-15,EUR,GBP,0.8705,1.148765
2025-10-15,EUR,SEK,11.0195,0.090748
2025-10-15,EUR,PLN,4.256,0.234962
2025-10-16,EUR,GBP,0.8676,1.152605
2025-10-16,EUR,SEK,11.013,0.090802
2025-10-16,EUR,PLN,4.2513,0.235222
2025-10-17,EUR,GBP,0.8695,1.150086
2025-10-17,EUR,SEK,11.03,0.090662
2025-10-17,EUR,PLN,4.245,0.235571
2025-10-18,EUR,GBP,0.8695,1.150086
2025-10-18,EUR,SEK,11.03,0.090662
2025-10-18,EUR,PLN,4.245,0.235571
2025-10-19,EUR,GBP,0.8695,1.150086
2025-10-19,EUR,SEK,11.03,0.090662
2025-10-19,EUR,PLN,4.245,0.235571
2025-10-20,EUR,GBP,0.8691,1.150616
2025-10-20,EUR,SEK,10.99,0.090992
2025-10-20,EUR,PLN,4.2468,0.235471
2025-10-21,EUR,GBP,0.8678,1.152339
2025-10-21,EUR,SEK,10.9345,0.091454
2025-10-21,EUR,PLN,4.2393,0.235888
2025-10-22,EUR,GBP,0.8689,1.15088
2025-10-22,EUR,SEK,10.916,0.091609
2025-10-22,EUR,PLN,4.2312,0.23634
2025-10-23,EUR,GBP,0.8691,1.150616
2025-10-23,EUR,SEK,10.9193,0.091581
2025-10-23,EUR,PLN,4.2327,0.236256
2025-10-24,EUR,GBP,0.8726,1.146
2025-10-24,EUR,SEK,10.904,0.091709
2025-10-24,EUR,PLN,4.2408,0.235805
2025-10-25,EUR,GBP,0.8726,1.146
2025-10-25,EUR,SEK,10.904,0.091709
2025-10-25,EUR,PLN,4.2408,0.235805
2025-10-26,EUR,GBP,0.8726,1.146
2025-10-26,EUR,SEK,10.904,0.091709
2025-10-26,EUR,PLN,4.2408,0.235805
2025-10-27,EUR,GBP,0.8721,1.146657
2025-10-27,EUR,SEK,10.912,0.091642
2025-10-27,EUR,PLN,4.235,0.236128
2025-10-28,EUR,GBP,0.876,1.141553
2025-10-28,EUR,SEK,10.921,0.091567
2025-10-28,EUR,PLN,4.2375,0.235988
2025-10-29,EUR,GBP,0.8807,1.13546
2025-10-29,EUR,SEK,10.896,0.091777
2025-10-29,EUR,PLN,4.2418,0.235749
2025-10-30,EUR,GBP,0.8801,1.136235
2025-10-30,EUR,SEK,10.94,0.091408
2025-10-30,EUR,PLN,4.245,0.235571
2025-10-31,EUR,GBP,0.8816,1.134301
2025-10-31,EUR,SEK,10.925,0.091533
2025-10-31,EUR,PLN,4.256,0.234962
2025-11-01,EUR,GBP,0.8816,1.134301
2025-11-01,EUR,SEK,10.925,0.091533
2025-11-01,EUR,PLN,4.256,0.234962
2025-11-02,EUR,GBP,0.8816,1.134301
2025-11-02,EUR,SEK,10.925,0.091533
2025-11-02,EUR,PLN,4.256,0.234962
2025-11-03,EUR,GBP,0.8765,1.140901
2025-11-03,EUR,SEK,10.935,0.091449
2025-11-03,EUR,PLN,4.254,0.235073
2025-11-04,EUR,GBP,0.8795,1.13701
2025-11-04,EUR,SEK,10.9865,0.091021
2025-11-04,EUR,PLN,4.257,0.234907
2025-11-05,EUR,GBP,0.881,1.135074
2025-11-05,EUR,SEK,11.0175,0.090765
2025-11-05,EUR,PLN,4.2583,0.234835
2025-11-06,EUR,GBP,0.8807,1.13546
2025-11-06,EUR,SEK,10.99,0.090992
2025-11-06,EUR,PLN,4.2528,0.235139
2025-11-07,EUR,GBP,0.8811,1.134945
2025-11-07,EUR,SEK,11.046,0.090531
2025-11-07,EUR,PLN,4.248,0.235405
2025-11-08,EUR,GBP,0.8811,1.134945
2025-11-08,EUR,SEK,11.046,0.090531
2025-11-08,EUR,PLN,4.248,0.235405
2025-11-09,EUR,GBP,0.8811,1.134945
2025-11-09,EUR,SEK,11.046,0.090531
2025-11-09,EUR,PLN,4.248,0.235405
2025-11-10,EUR,GBP,0.8778,1.139212
2025-11-10,EUR,SEK,10.987,0.091017
2025-11-10,EUR,PLN,4.234,0.236183
2025-11-11,EUR,GBP,0.8804,1.135847
2025-11-11,EUR,SEK,10.973,0.091133
2025-11-11,EUR,PLN,4.23,0.236407
2025-11-12,EUR,GBP,0.8823,1.133401
2025-11-12,EUR,SEK,10.9395,0.091412
2025-11-12,EUR,PLN,4.228,0.236518
2025-11-13,EUR,GBP,0.8819,1.133915
2025-11-13,EUR,SEK,10.9405,0.091404
2025-11-13,EUR,PLN,4.228,0.236518
2025-11-14,EUR,GBP,0.8846,1.130454
2025-11-14,EUR,SEK,10.9835,0.091046
2025-11-14,EUR,PLN,4.2328,0.23625
2025-11-15,EUR,GBP,0.8846,1.130454
2025-11-15,EUR,SEK,10.9835,0.091046
2025-11-15,EUR,PLN,4.2328,0.23625
2025-11-16,EUR,GBP,0.8846,1.130454
2025-11-16,EUR,SEK,10.9835,0.091046
2025-11-16,EUR,PLN,4.2328,0.23625
2025-11-17,EUR,GBP,0.8795,1.13701
2025-11-17,EUR,SEK,10.9635,0.091212
2025-11-17,EUR,PLN,4.2228,0.23681
2025-11-18,EUR,GBP,0.8821,1.133658
2025-11-18,EUR,SEK,10.997,0.090934
2025-11-18,EUR,PLN,4.244,0.235627
2025-11-19,EUR,GBP,0.8827,1.132888
2025-11-19,EUR,SEK,10.992,0.090975
2025-11-19,EUR,PLN,4.2283,0.236502
2025-11-20,EUR,GBP,0.8815,1.13443
2025-11-20,EUR,SEK,10.9995,0.090913
2025-11-20,EUR,PLN,4.232,0.236295
2025-11-21,EUR,GBP,0.8803,1.135976
2025-11-21,EUR,SEK,11.026,0.090695
2025-11-21,EUR,PLN,4.2448,0.235582
2025-11-22,EUR,GBP,0.8803,1.135976
2025-11-22,EUR,SEK,11.026,0.090695
2025-11-22,EUR,PLN,4.2448,0.235582
2025-11-23,EUR,GBP,0.8803,1.135976
2025-11-23,EUR,SEK,11.026,0.090695
2025-11-23,EUR,PLN,4.2448,0.235582
2025-11-24,EUR,GBP,0.8804,1.135847
2025-11-24,EUR,SEK,11.006,0.09086
2025-11-24,EUR,PLN,4.2303,0.23639
2025-11-25,EUR,GBP,0.8788,1.137915
2025-11-25,EUR,SEK,11.048,0.090514
2025-11-25,EUR,PLN,4.2228,0.23681
2025-11-26,EUR,GBP,0.8776,1.139471
2025-11-26,EUR,SEK,11.0345,0.090625
2025-11-26,EUR,PLN,4.2313,0.236334
2025-11-27,EUR,GBP,0.8754,1.142335
2025-11-27,EUR,SEK,10.9945,0.090955
2025-11-27,EUR,PLN,4.2345,0.236155
2025-11-28,EUR,GBP,0.8752,1.142596
2025-11-28,EUR,SEK,10.9695,0.091162
2025-11-28,EUR,PLN,4.239,0.235905
2025-11-29,EUR,GBP,0.8752,1.142596
2025-11-29,EUR,SEK,10.9695,0.091162
2025-11-29,EUR,PLN,4.239,0.235905
2025-11-30,EUR,GBP,0.8752,1.142596
2025-11-30,EUR,SEK,10.9695,0.091162
2025-11-30,EUR,PLN,4.239,0.235905
2025-12-01,EUR,GBP,0.8778,1.139212
2025-12-01,EUR,SEK,10.963,0.091216
2025-12-01,EUR,PLN,4.2283,0.236502
2025-12-02,EUR,GBP,0.8796,1.13688
2025-12-02,EUR,SEK,10.9865,0.091021
2025-12-02,EUR,PLN,4.238,0.23596
2025-12-03,EUR,GBP,0.8766,1.140771
2025-12-03,EUR,SEK,10.955,0.091283
2025-12-03,EUR,PLN,4.2318,0.236306
2025-12-04,EUR,GBP,0.8745,1.143511
2025-12-04,EUR,SEK,10.967,0.091183
2025-12-04,EUR,PLN,4.2313,0.236334
2025-12-05,EUR,GBP,0.8727,1.145869
2025-12-05,EUR,SEK,10.959,0.091249
2025-12-05,EUR,PLN,4.2323,0.236278
2025-12-06,EUR,GBP,0.8727,1.145869
2025-12-06,EUR,SEK,10.959,0.091249
2025-12-06,EUR,PLN,4.2323,0.236278
2025-12-07,EUR,GBP,0.8727,1.145869
2025-12-07,EUR,SEK,10.959,0.091249
2025-12-07,EUR,PLN,4.2323,0.236278
2025-12-08,EUR,GBP,0.8746,1.14338
2025-12-08,EUR,SEK,10.9495,0.091328
2025-12-08,EUR,PLN,4.2305,0.236379
2025-12-09,EUR,GBP,0.8735,1.14482
2025-12-09,EUR,SEK,10.9015,0.09173
2025-12-09,EUR,PLN,4.2303,0.23639
2025-12-10,EUR,GBP,0.8741,1.144034
2025-12-10,EUR,SEK,10.858,0.092098
2025-12-10,EUR,PLN,4.2248,0.236698
2025-12-11,EUR,GBP,0.8751,1.142727
2025-12-11,EUR,SEK,10.845,0.092208
2025-12-11,EUR,PLN,4.227,0.236574
2025-12-12,EUR,GBP,0.8767,1.140641
2025-12-12,EUR,SEK,10.8865,0.091857
2025-12-12,EUR,PLN,4.2225,0.236827
2025-12-13,EUR,GBP,0.8767,1.140641
2025-12-13,EUR,SEK,10.8865,0.091857
2025-12-13,EUR,PLN,4.2225,0.236827
2025-12-14,EUR,GBP,0.8767,1.140641
2025-12-14,EUR,SEK,10.8865,0.091857
2025-12-14,EUR,PLN,4.2225,0.236827
2025-12-15,EUR,GBP,0.8779,1.139082
2025-12-15,EUR,SEK,10.9155,0.091613
2025-12-15,EUR,PLN,4.2215,0.236883
2025-12-16,EUR,GBP,0.8764,1.141031
2025-12-16,EUR,SEK,10.942,0.091391
2025-12-16,EUR,PLN,4.2208,0.236922
2025-12-17,EUR,GBP,0.8785,1.138304
2025-12-17,EUR,SEK,10.936,0.091441
2025-12-17,EUR,PLN,4.21,0.23753
2025-12-18,EUR,GBP,0.8746,1.14338
2025-12-18,EUR,SEK,10.9015,0.09173
2025-12-18,EUR,PLN,4.2053,0.237795
2025-12-19,EUR,GBP,0.876,1.141553
2025-12-19,EUR,SEK,10.904,0.091709
2025-12-19,EUR,PLN,4.2105,0.237501
2025-12-20,EUR,GBP,0.876,1.141553
2025-12-20,EUR,SEK,10.904,0.091709
2025-12-20,EUR,PLN,4.2105,0.237501
2025-12-21,EUR,GBP,0.876,1.141553
2025-12-21,EUR,SEK,10.904,0.091709
2025-12-21,EUR,PLN,4.2105,0.237501
2025-12-22,EUR,GBP,0.8742,1.143903
2025-12-22,EUR,SEK,10.856,0.092115
2025-12-22,EUR,PLN,4.2138,0.237315
2025-12-23,EUR,GBP,0.8729,1.145607
2025-12-23,EUR,SEK,10.82,0.092421
2025-12-23,EUR,PLN,4.232,0.236295
2025-12-24,EUR,GBP,0.8729,1.145607
2025-12-24,EUR,SEK,10.8055,0.092545
2025-12-24,EUR,PLN,4.2135,0.237332
2025-12-25,EUR,GBP,0.8729,1.145607
2025-12-25,EUR,SEK,10.8055,0.092545
2025-12-25,EUR,PLN,4.2135,0.237332
2025-12-26,EUR,GBP,0.8729,1.145607
2025-12-26,EUR,SEK,10.8055,0.092545
2025-12-26,EUR,PLN,4.2135,0.237332
2025-12-27,EUR,GBP,0.8729,1.145607
2025-12-27,EUR,SEK,10.8055,0.092545
2025-12-27,EUR,PLN,4.2135,0.237332
2025-12-28,EUR,GBP,0.8729,1.145607
2025-12-28,EUR,SEK,10.8055,0.092545
2025-12-28,EUR,PLN,4.2135,0.237332
2025-12-29,EUR,GBP,0.8726,1.146
2025-12-29,EUR,SEK,10.816,0.092456
2025-12-29,EUR,PLN,4.2295,0.236435
2025-12-30,EUR,GBP,0.8712,1.147842
2025-12-30,EUR,SEK,10.818,0.092439
2025-12-30,EUR,PLN,4.2263,0.236614
2025-12-31,EUR,GBP,0.8726,1.146
2025-12-31,EUR,SEK,10.8215,0.092409
2025-12-31,EUR,PLN,4.221,0.236911
