product_id,name,category,base_price_eur,created_at
PROD-0001,Beauty Item 1,Beauty,60.11,2026-04-21T08:00:46.397899
PROD-0002,Clothing Item 2,Clothing,115.49,2026-04-18T01:52:23.371317
PROD-0003,Beauty Item 3,Beauty,371.63,2025-12-16T13:55:07.518665
PROD-0004,Books Item 4,Books,213.85,2025-01-20T02:24:01.525807
PROD-0005,Clothing Item 5,Clothing,120.17,2026-01-21T21:27:22.059738
PROD-0006,Books Item 6,Books,103.42,2026-02-21T13:49:19.886881
PROD-0007,Books Item 7,Books,212.66,2025-10-15T22:37:55.084911
PROD-0008,Home & Garden Item 8,Home & Garden,405.67,2025-01-05T03:58:36.907994
PROD-0009,Food & Drink Item 9,Food & Drink,84.03,2025-09-28T21:29:59.644297
PROD-0010,Home & Garden Item 10,Home & Garden,81.96,2026-09-06T13:45:57.250185
PROD-0011,Home & Garden Item 11,Home & Garden,55.59,2025-09-01T12:48:05.734817
PROD-0012,Home & Garden Item 12,Home & Garden,424.51,2026-01-22T23:43:16.559574
PROD-0013,Food & Drink Item 13,Food & Drink,26.51,2025-10-22T11:47:32.455938
PROD-0014,Electronics Item 14,Electronics,486.69,2025-08-31T15:22:22.292304
PROD-0015,Books Item 15,Books,150.12,2026-02-07T22:59:40.831521
PROD-0016,Food & Drink Item 16,Food & Drink,184.01,2025-05-04T06:10:03.621030
PROD-0017,Electronics Item 17,Electronics,27.68,2025-05-27T01:59:13.461444
PROD-0018,Home & Garden Item 18,Home & Garden,492.68,2026-07-03T06:12:28.152349
PROD-0019,Food & Drink Item 19,Food & Drink,55.0,2025-06-28T04:20:45.276884
PROD-0020,Beauty Item 20,Beauty,417.88,2025-04-15T06:16:14.270337
PROD-0021,Home & Garden Item 21,Home & Garden,108.71,2025-06-21T03:11:12.531853
PROD-0022,Beauty Item 22,Beauty,325.78,2026-01-26T10:52:17.008251
PROD-0023,Clothing Item 23,Clothing,269.4,2025-06-06T22:10:16.581106
PROD-0024,Sports Item 24,Sports,192.83,2026-09-27T06:49:38.014296
PROD-0025,Beauty Item 25,Beauty,345.64,2025-05-21T18:33:35.410891
PROD-0026,Home & Garden Item 26,Home & Garden,422.21,2026-05-13T09:58:57.501219
PROD-0027,Clothing Item 27,Clothing,411.79,2026-06-01T00:49:28.556632
PROD-0028,Sports Item 28,Sports,137.53,2025-05-16T05:45:36.236635
PROD-0029,Books Item 29,Books,438.8,2025-07-21T17:00:16.265534
PROD-0030,Beauty Item 30,Beauty,252.12,2026-07-22T01:57:56.301815
PROD-0031,Beauty Item 31,Beauty,232.13,2025-06-19T18:54:59.333062
PROD-0032,Clothing Item 32,Clothing,373.77,2025-12-12T11:37:35.847270
PROD-0033,Beauty Item 33,Beauty,294.37,2026-07-30T12:06:26.068826
PROD-0034,Sports Item 34,Sports,184.19,2026-10-02T06:51:35.166907
PROD-0035,Clothing Item 35,Clothing,257.22,2025-02-28T06:33:01.428774
PROD-0036,Electronics Item 36,Electronics,431.25,2025-04-08T23:18:39.084673
PROD-0037,Clothing Item 37,Clothing,397.08,2025-09-28T14:30:32.145287
PROD-0038,Electronics Item 38,Electronics,195.46,2026-01-17T23:08:51.294867
PROD-0039,Sports Item 39,Sports,266.91,2026-09-15T11:04:11.140348
PROD-0040,Food & Drink Item 40,Food & Drink,471.5,2026-03-13T01:28:47.940191
PROD-0041,Electronics Item 41,Electronics,342.45,2025-12-11T04:45:05.626832
PROD-0042,Home & Garden Item 42,Home & Garden,385.46,2025-08-07T01:15:34.117595
PROD-0043,Home & Garden Item 43,Home & Garden,220.21,2025-10-18T20:05:07.793407
PROD-0044,Beauty Item 44,Beauty,438.55,2025-06-18T19:58:37.764317
PROD-0045,Books Item 45,Books,382.17,2025-11-22T10:10:29.575607
PROD-0046,Electronics Item 46,Electronics,435.91,2025-07-11T07:16:28.817925
PROD-0047,Beauty Item 47,Beauty,256.29,2025-05-08T12:02:54.202375
PROD-0048,Home & Garden Item 48,Home & Garden,382.44,2025-12-12T17:48:25.197697
PROD-0049,Food & Drink Item 49,Food & Drink,461.6,2026-08-12T18:06:14.104021
PROD-0050,Books Item 50,Books,165.46,2025-01-13T11:37:48.737509
PROD-0051,Home & Garden Item 51,Home & Garden,439.97,2026-06-18T02:20:33.013293
PROD-0052,Home & Garden Item 52,Home & Garden,123.53,2025-06-04T09:34:06.881550
PROD-0053,Books Item 53,Books,473.74,2025-02-24T21:41:33.743804
PROD-0054,Sports Item 54,Sports,408.93,2026-09-19T21:18:48.422636
PROD-0055,Books Item 55,Books,384.09,2025-03-24T07:10:27.443512
PROD-0056,Sports Item 56,Sports,473.69,2025-04-16T20:18:47.292689
PROD-0057,Books Item 57,Books,436.85,2025-09-29T05:33:14.659382
PROD-0058,Clothing Item 58,Clothing,464.81,2026-04-30T02:59:59.226163
PROD-0059,Beauty Item 59,Beauty,104.57,2025-07-19T19:26:36.331343
PROD-0060,Beauty Item 60,Beauty,326.69,2025-10-08T19:43:54.087387
PROD-0061,Books Item 61,Books,228.49,2025-06-08T21:46:47.858296
PROD-0062,Electronics Item 62,Electronics,172.35,2026-01-13T02:32:28.769086
PROD-0063,Clothing Item 63,Clothing,296.28,2025-01-05T14:37:25.921008
PROD-0064,Beauty Item 64,Beauty,317.4,2025-05-27T18:02:25.447743
PROD-0065,Electronics Item 65,Electronics,430.52,2025-02-15T10:04:10.094473
PROD-0066,Clothing Item 66,Clothing,142.85,2025-11-08T03:36:59.957752
PROD-0067,Books Item 67,Books,70.49,2026-08-23T15:57:03.877535
PROD-0068,Books Item 68,Books,290.22,2025-06-05T18:16:10.477257
PROD-0069,Sports Item 69,Sports,404.71,2025-05-03T01:15:58.041155
PROD-0070,Electronics Item 70,Electronics,331.2,2025-08-16T02:30:49.551889
PROD-0071,Sports Item 71,Sports,236.18,2026-04-13T08:06:10.325125
PROD-0072,Beauty Item 72,Beauty,328.46,2026-02-19T04:49:45.458119
PROD-0073,Electronics Item 73,Electronics,204.3,2025-08-06T11:49:52.613026
PROD-0074,Food & Drink Item 74,Food & Drink,59.09,2025-05-03T19:25:18.011378
PROD-0075,Books Item 75,Books,227.06,2025-09-28T10:13:37.729965
PROD-0076,Home & Garden Item 76,Home & Garden,234.0,2026-07-15T13:05:30.902718
PROD-0077,Electronics Item 77,Electronics,224.35,2026-07-07T02:59:40.659562
PROD-0078,Books Item 78,Books,53.46,2026-02-23T00:35:49.377384
PROD-0079,Books Item 79,Books,418.83,2026-09-14T03:02:18.319447
PROD-0080,Food & Drink Item 80,Food & Drink,425.1,2025-04-17T14:31:48.451910
PROD-0081,Sports Item 81,Sports,243.27,2026-07-09T05:46:53.982339
PROD-0082,Electronics Item 82,Electronics,86.5,2025-01-02T09:09:30.026010
PROD-0083,Sports Item 83,Sports,136.28,2026-05-18T14:08:31.705356
PROD-0084,Sports Item 84,Sports,146.2,2026-03-23T12:21:49.288986
PROD-0085,Beauty Item 85,Beauty,497.73,2025-12-23T05:56:23.594179
PROD-0086,Beauty Item 86,Beauty,245.9,2025-05-02T17:23:19.644163
PROD-0087,Clothing Item 87,Clothing,484.51,2026-01-07T06:06:34.538102
PROD-0088,Books Item 88,Books,35.17,2025-07-21T00:29:47.016591
PROD-0089,Electronics Item 89,Electronics,294.17,2025-11-19T07:51:01.047002
PROD-0090,Food & Drink Item 90,Food & Drink,267.91,2025-02-06T11:02:07.636366
PROD-0091,Books Item 91,Books,44.66,2025-04-30T02:43:52.319019
PROD-0092,Books Item 92,Books,38.64,2026-07-07T10:13:35.771190
PROD-0093,Sports Item 93,Sports,64.34,2026-07-25T16:10:48.146042
PROD-0094,Clothing Item 94,Clothing,291.56,2025-01-26T11:23:08.637558
PROD-0095,Electronics Item 95,Electronics,212.52,2026-01-10T03:12:52.194442
PROD-0096,Books Item 96,Books,161.6,2025-06-17T03:37:10.060199
PROD-0097,Beauty Item 97,Beauty,359.51,2025-06-02T23:56:40.902152
PROD-0098,Sports Item 98,Sports,69.78,2026-02-18T18:23:02.887722
PROD-0099,Sports Item 99,Sports,161.51,2026-04-27T22:41:00.064691
PROD-0100,Electronics Item 100,Electronics,9.61,2026-02-03T03:54:50.351421
PROD-0101,Books Item 101,Books,498.07,2025-02-16T23:02:34.560228
PROD-0102,Clothing Item 102,Clothing,255.41,2025-03-26T21:42:42.762664
PROD-0103,Home & Garden Item 103,Home & Garden,441.03,2026-07-18T14:41:36.277376
PROD-0104,Home & Garden Item 104,Home & Garden,146.07,2025-10-08T21:01:53.296142
PROD-0105,Books Item 105,Books,353.25,2026-01-28T02:03:02.692541
PROD-0106,Food & Drink Item 106,Food & Drink,328.72,2025-01-06T00:21:02.449544
PROD-0107,Food & Drink Item 107,Food & Drink,279.53,2026-08-21T06:08:05.678465
PROD-0108,Electronics Item 108,Electronics,469.77,2025-03-28T01:56:04.213779
PROD-0109,Electronics Item 109,Electronics,445.41,2026-04-21T21:20:17.758909
PROD-0110,Clothing Item 110,Clothing,139.81,2026-01-23T16:42:07.412519
PROD-0111,Beauty Item 111,Beauty,174.73,2026-03-17T16:27:20.986127
PROD-0112,Food & Drink Item 112,Food & Drink,135.67,2025-11-10T03:34:26.448478
PROD-0113,Food & Drink Item 113,Food & Drink,30.15,2026-02-11T13:49:54.974657
PROD-0114,Food & Drink Item 114,Food & Drink,141.96,2025-01-03T06:32:48.771335
PROD-0115,Food & Drink Item 115,Food & Drink,69.76,2026-09-21T01:12:42.198130
PROD-0116,Clothing Item 116,Clothing,371.91,2025-12-20T15:03:05.754990
PROD-0117,Sports Item 117,Sports,282.65,2025-03-13T17:04:04.004351
PROD-0118,Beauty Item 118,Beauty,452.44,2025-12-16T17:21:39.632896
PROD-0119,Food & Drink Item 119,Food & Drink,187.76,2025-12-21T04:02:45.917970
PROD-0120,Sports Item 120,Sports,68.09,2025-07-17T14:14:47.239171
PROD-0121,Food & Drink Item 121,Food & Drink,486.24,2025-01-26T13:44:34.097507
PROD-0122,Home & Garden Item 122,Home & Garden,108.99,2025-06-09T22:45:55.829540
PROD-0123,Electronics Item 123,Electronics,180.07,2025-12-25T21:14:53.010633
PROD-0124,Food & Drink Item 124,Food & Drink,206.16,2026-02-02T20:15:24.019771
PROD-0125,Clothing Item 125,Clothing,463.25,2025-06-01T17:58:01.628459
PROD-0126,Clothing Item 126,Clothing,488.22,2026-06-04T16:54:43.702427
PROD-0127,Sports Item 127,Sports,17.27,2026-04-18T03:18:28.200529
PROD-0128,Home & Garden Item 128,Home & Garden,392.28,2025-09-21T21:47:43.275225
PROD-0129,Beauty Item 129,Beauty,432.71,2026-06-04T16:34:02.950249
PROD-0130,Home & Garden Item 130,Home & Garden,83.8,2026-03-26T12:27:49.126840
PROD-0131,Sports Item 131,Sports,436.72,2026-07-05T08:35:54.882890
PROD-0132,Clothing Item 132,Clothing,103.79,2026-08-12T17:27:50.574652
PROD-0133,Home & Garden Item 133,Home & Garden,156.07,2026-05-25T19:35:42.572283
PROD-0134,Clothing Item 134,Clothing,115.35,2026-02-28T01:57:01.740258
PROD-0135,Sports Item 135,Sports,167.49,2026-07-09T01:12:20.376698
PROD-0136,Food & Drink Item 136,Food & Drink,143.17,2026-02-16T04:33:18.240263
PROD-0137,Sports Item 137,Sports,341.36,2026-06-25T18:53:00.008800
PROD-0138,Home & Garden Item 138,Home & Garden,469.92,2025-03-15T22:25:03.037737
PROD-0139,Home & Garden Item 139,Home & Garden,93.39,2026-09-09T23:37:40.489233
PROD-0140,Home & Garden Item 140,Home & Garden,23.94,2026-01-18T09:39:07.872233
PROD-0141,Home & Garden Item 141,Home & Garden,365.63,2025-07-21T01:36:42.485673
PROD-0142,Books Item 142,Books,492.2,2025-03-16T03:05:41.069426
PROD-0143,Books Item 143,Books,99.09,2025-01-29T10:50:32.764720
PROD-0144,Sports Item 144,Sports,5.84,2026-08-17T07:02:54.045736
PROD-0145,Books Item 145,Books,344.99,2026-08-26T17:00:28.239105
PROD-0146,Beauty Item 146,Beauty,336.96,2025-08-22T11:10:59.238779
PROD-0147,Electronics Item 147,Electronics,474.69,2026-08-14T05:08:19.867410
PROD-0148,Books Item 148,Books,160.39,2026-06-28T13:52:01.415732
PROD-0149,Beauty Item 149,Beauty,450.52,2025-11-22T01:34:21.367483
PROD-0150,Beauty Item 150,Beauty,207.15,2025-09-15T22:31:39.196186
PROD-0151,Home & Garden Item 151,Home & Garden,279.43,2025-05-03T23:16:04.766018
PROD-0152,Beauty Item 152,Beauty,470.48,2026-03-11T03:51:33.372273
PROD-0153,Clothing Item 153,Clothing,309.68,2025-07-12T21:48:46.333140
PROD-0154,Books Item 154,Books,417.69,2025-07-14T18:48:43.990360
PROD-0155,Clothing Item 155,Clothing,217.79,2026-01-07T18:29:09.146092
PROD-0156,Beauty Item 156,Beauty,164.51,2025-10-11T04:26:09.898926
PROD-0157,Beauty Item 157,Beauty,110.78,2025-10-31T07:29:46.622505
PROD-0158,Food & Drink Item 158,Food & Drink,369.3,2026-02-27T07:45:35.499801
PROD-0159,Home & Garden Item 159,Home & Garden,260.15,2026-02-10T17:09:43.650364
PROD-0160,Home & Garden Item 160,Home & Garden,51.23,2026-09-03T05:33:46.105808
PROD-0161,Clothing Item 161,Clothing,338.03,2025-05-24T23:52:19.220528
PROD-0162,Clothing Item 162,Clothing,77.94,2025-01-30T14:57:06.620900
PROD-0163,Sports Item 163,Sports,307.58,2026-05-08T14:26:23.968245
PROD-0164,Sports Item 164,Sports,210.15,2026-02-08T16:18:38.222168
PROD-0165,Clothing Item 165,Clothing,360.58,2025-09-04T03:07:29.072532
PROD-0166,Sports Item 166,Sports,125.77,2026-02-25T12:47:47.194597
PROD-0167,Electronics Item 167,Electronics,446.87,2026-07-06T13:01:03.570456
PROD-0168,Electronics Item 168,Electronics,390.32,2025-05-21T06:39:07.375395
PROD-0169,Food & Drink Item 169,Food & Drink,479.19,2025-11-29T00:15:43.318175
PROD-0170,Electronics Item 170,Electronics,280.92,2026-08-12T02:21:31.328577
PROD-0171,Electronics Item 171,Electronics,230.95,2026-05-29T16:59:34.803223
PROD-0172,Beauty Item 172,Beauty,267.91,2025-12-25T06:30:24.001491
PROD-0173,Home & Garden Item 173,Home & Garden,475.27,2026-07-26T09:41:47.193604
PROD-0174,Books Item 174,Books,408.43,2026-07-26T18:50:24.860077
PROD-0175,Sports Item 175,Sports,416.13,2025-12-18T04:27:43.517509
PROD-0176,Clothing Item 176,Clothing,373.11,2025-11-01T06:23:29.529909
PROD-0177,Home & Garden Item 177,Home & Garden,377.13,2026-06-23T08:27:02.399616
PROD-0178,Home & Garden Item 178,Home & Garden,384.08,2025-12-01T03:40:34.753964
PROD-0179,Beauty Item 179,Beauty,123.43,2025-10-09T22:59:59.909234
PROD-0180,Beauty Item 180,Beauty,146.44,2025-06-24T04:03:54.746468
PROD-0181,Home & Garden Item 181,Home & Garden,447.05,2025-02-21T15:36:24.067460
PROD-0182,Clothing Item 182,Clothing,119.47,2026-03-21T19:43:26.084671
PROD-0183,Beauty Item 183,Beauty,110.91,2025-09-23T22:19:39.757793
PROD-0184,Home & Garden Item 184,Home & Garden,273.59,2025-09-24T12:16:14.942795
PROD-0185,Clothing Item 185,Clothing,417.28,2025-09-07T15:42:40.629846
PROD-0186,Food & Drink Item 186,Food & Drink,294.12,2026-03-22T19:55:32.247425
PROD-0187,Food & Drink Item 187,Food & Drink,440.93,2026-01-05T00:25:13.063175
PROD-0188,Sports Item 188,Sports,7.92,2025-08-14T11:27:26.713092
PROD-0189,Food & Drink Item 189,Food & Drink,198.04,2026-07-26T13:00:48.533917
PROD-0190,Food & Drink Item 190,Food & Drink,212.42,2026-04-25T03:46:51.785610
PROD-0191,Books Item 191,Books,400.93,2026-07-30T11:55:47.166201
PROD-0192,Sports Item 192,Sports,113.61,2025-10-07T08:54:02.359805
PROD-0193,Electronics Item 193,Electronics,197.48,2026-03-05T17:57:06.406787
PROD-0194,Food & Drink Item 194,Food & Drink,205.14,2025-04-16T19:02:53.321405
PROD-0195,Sports Item 195,Sports,460.17,2026-09-21T15:25:36.847744
PROD-0196,Books Item 196,Books,18.35,2025-09-10T13:36:27.444708
PROD-0197,Books Item 197,Books,333.18,2025-02-23T19:26:51.928441
PROD-0198,Sports Item 198,Sports,72.17,2025-10-23T22:46:07.907838
PROD-0199,Electronics Item 199,Electronics,133.78,2025-07-29T19:59:36.341634
PROD-0200,Sports Item 200,Sports,166.79,2026-05-03T22:45:28.174470
PROD-0201,Sports Item 201,Sports,142.74,2026-09-02T17:19:27.047766
PROD-0202,Sports Item 202,Sports,129.87,2025-02-22T12:02:43.745298
PROD-0203,Electronics Item 203,Electronics,375.77,2025-02-03T09:17:05.989971
PROD-0204,Home & Garden Item 204,Home & Garden,115.99,2025-02-13T23:37:30.039763
PROD-0205,Beauty Item 205,Beauty,24.93,2025-01-20T21:21:55.810011
PROD-0206,Clothing Item 206,Clothing,103.68,2025-01-14T01:31:34.271242
PROD-0207,Clothing Item 207,Clothing,123.08,2025-10-31T13:15:48.101743
PROD-0208,Electronics Item 208,Electronics,284.16,2025-05-20T17:09:59.390300
PROD-0209,Beauty Item 209,Beauty,131.84,2025-08-25T11:05:00.102423
PROD-0210,Books Item 210,Books,305.59,2026-04-25T10:05:17.626848
PROD-0211,Electronics Item 211,Electronics,390.01,2025-04-15T23:22:23.605004
PROD-0212,Home & Garden Item 212,Home & Garden,58.51,2025-01-17T11:02:12.832271
PROD-0213,Home & Garden Item 213,Home & Garden,290.02,2026-08-06T01:04:27.507770
PROD-0214,Sports Item 214,Sports,201.34,2026-04-04T07:47:10.400932
PROD-0215,Electronics Item 215,Electronics,298.09,2026-06-17T09:30:50.450675
PROD-0216,Clothing Item 216,Clothing,55.44,2026-05-11T03:50:45.362723
PROD-0217,Food & Drink Item 217,Food & Drink,343.71,2026-06-01T08:14:31.893837
PROD-0218,Food & Drink Item 218,Food & Drink,492.0,2026-05-17T16:03:43.806305
PROD-0219,Home & Garden Item 219,Home & Garden,268.71,2026-03-01T00:50:39.498483
PROD-0220,Electronics Item 220,Electronics,255.45,2025-08-07T17:30:01.418638
PROD-0221,Food & Drink Item 221,Food & Drink,212.93,2025-11-11T05:15:46.906461
PROD-0222,Sports Item 222,Sports,480.59,2026-02-12T09:50:28.580153
PROD-0223,Food & Drink Item 223,Food & Drink,232.57,2025-04-09T01:36:57.015576
PROD-0224,Clothing Item 224,Clothing,368.23,2026-09-11T20:50:52.372920
PROD-0225,Home & Garden Item 225,Home & Garden,309.88,2026-08-13T11:23:52.921652
PROD-0226,Food & Drink Item 226,Food & Drink,244.33,2025-10-07T04:52:40.801339
PROD-0227,Beauty Item 227,Beauty,298.27,2025-07-26T14:20:01.336493
PROD-0228,Clothing Item 228,Clothing,416.21,2025-02-25T13:13:19.285279
PROD-0229,Sports Item 229,Sports,125.71,2025-10-25T21:04:30.180807
PROD-0230,Books Item 230,Books,335.75,2025-08-04T15:07:32.161472
PROD-0231,Sports Item 231,Sports,426.22,2025-04-27T13:25:27.705050
PROD-0232,Clothing Item 232,Clothing,180.64,2025-06-15T14:29:36.448375
PROD-0233,Home & Garden Item 233,Home & Garden,440.76,2026-03-26T11:00:38.934398
PROD-0234,Home & Garden Item 234,Home & Garden,280.12,2025-11-28T03:47:37.105377
PROD-0235,Clothing Item 235,Clothing,47.38,2026-04-07T13:37:43.077284
PROD-0236,Sports Item 236,Sports,279.81,2025-06-04T01:08:36.360006
PROD-0237,Sports Item 237,Sports,324.72,2025-11-11T14:47:43.507856
PROD-0238,Food & Drink Item 238,Food & Drink,13.54,2025-07-08T14:31:12.658924
PROD-0239,Sports Item 239,Sports,347.43,2025-07-16T06:40:24.843077
PROD-0240,Books Item 240,Books,187.67,2025-12-21T18:37:40.583560
PROD-0241,Home & Garden Item 241,Home & Garden,215.62,2026-04-24T03:28:14.730248
PROD-0242,Home & Garden Item 242,Home & Garden,179.15,2025-10-18T20:25:01.645440
PROD-0243,Home & Garden Item 243,Home & Garden,129.44,2025-03-19T08:10:12.471706
PROD-0244,Clothing Item 244,Clothing,161.2,2026-04-22T04:28:56.218886
PROD-0245,Food & Drink Item 245,Food & Drink,346.63,2025-05-03T18:39:58.783659
PROD-0246,Beauty Item 246,Beauty,244.68,2026-04-10T11:00:56.364536
PROD-0247,Food & Drink Item 247,Food & Drink,264.7,2025-07-01T09:39:07.384255
PROD-0248,Electronics Item 248,Electronics,417.15,2025-07-09T21:27:20.127136
PROD-0249,Home & Garden Item 249,Home & Garden,93.82,2025-01-10T01:39:30.534722
PROD-0250,Books Item 250,Books,67.66,2025-01-30T04:12:48.758133
